X25519MLKEM768,652
X25519:X25519MLKEM768,841
X25519MLKEM768,730
X25519:X25519MLKEM768,783
X25519MLKEM768,1282
X25519:X25519MLKEM768,834
X25519MLKEM768,741
X25519:X25519MLKEM768,888
X25519MLKEM768,563
X25519:X25519MLKEM768,755
X25519MLKEM768,651
X25519:X25519MLKEM768,916
X25519MLKEM768,815
X25519:X25519MLKEM768,879
X25519MLKEM768,760
X25519:X25519MLKEM768,850
X25519MLKEM768,606
X25519:X25519MLKEM768,709
X25519MLKEM768,558
X25519:X25519MLKEM768,721
X25519MLKEM768,611
X25519:X25519MLKEM768,768
X25519MLKEM768,973
X25519:X25519MLKEM768,1086
X25519MLKEM768,766
X25519:X25519MLKEM768,1082
X25519MLKEM768,613
X25519:X25519MLKEM768,1098
X25519MLKEM768,715
X25519:X25519MLKEM768,802
X25519MLKEM768,1015
X25519:X25519MLKEM768,910
X25519MLKEM768,585
X25519:X25519MLKEM768,789
X25519MLKEM768,563
X25519:X25519MLKEM768,751
X25519MLKEM768,580
X25519:X25519MLKEM768,675
X25519MLKEM768,710
X25519:X25519MLKEM768,714
X25519MLKEM768,538
X25519:X25519MLKEM768,730
X25519MLKEM768,583
X25519:X25519MLKEM768,754
X25519MLKEM768,604
X25519:X25519MLKEM768,804
X25519MLKEM768,586
X25519:X25519MLKEM768,774
X25519MLKEM768,802
X25519:X25519MLKEM768,709
X25519MLKEM768,720
X25519:X25519MLKEM768,749
X25519MLKEM768,662
X25519:X25519MLKEM768,1046
X25519MLKEM768,850
X25519:X25519MLKEM768,851
X25519MLKEM768,761
X25519:X25519MLKEM768,729
X25519MLKEM768,620
X25519:X25519MLKEM768,827
