run_id,timestamp,profile,phase,auth,group,latency_ms,ok,negotiated,peer_sig,verify_code,bytes_read,bytes_written,client_retrans,providers
loopback_native-w1,2026-09-25T23:58:17+05:45,loopback_native,warmup,ecdsa,X25519MLKEM768,63.058,1,X25519MLKEM768,ecdsa_secp256r1_sha256,0,2381,1468,0,-provider_default
loopback_native-w2,2026-09-25T23:58:17+05:45,loopback_native,warmup,ecdsa,X25519MLKEM768,42.417,1,X25519MLKEM768,ecdsa_secp256r1_sha256,0,2380,1468,0,-provider_default
loopback_native-w3,2026-09-25T23:58:17+05:45,loopback_native,warmup,ecdsa,X25519MLKEM768,45.590,1,X25519MLKEM768,ecdsa_secp256r1_sha256,0,2379,1468,0,-provider_default
loopback_native-w4,2026-09-25T23:58:17+05:45,loopback_native,warmup,ecdsa,X25519MLKEM768,47.550,1,X25519MLKEM768,ecdsa_secp256r1_sha256,0,2381,1468,0,-provider_default
loopback_native-w5,2026-09-25T23:58:17+05:45,loopback_native,warmup,ecdsa,X25519MLKEM768,53.216,1,X25519MLKEM768,ecdsa_secp256r1_sha256,0,2381,1468,0,-provider_default
loopback_native-1,2026-09-25T23:58:18+05:45,loopback_native,measure,ecdsa,X25519MLKEM768,77.996,1,X25519MLKEM768,ecdsa_secp256r1_sha256,0,2379,1468,0,-provider_default
loopback_native-2,2026-09-25T23:58:18+05:45,loopback_native,measure,ecdsa,X25519MLKEM768,106.869,1,X25519MLKEM768,ecdsa_secp256r1_sha256,0,2380,1468,0,-provider_default
loopback_native-3,2026-09-25T23:58:18+05:45,loopback_native,measure,ecdsa,X25519MLKEM768,85.144,1,X25519MLKEM768,ecdsa_secp256r1_sha256,0,2380,1468,0,-provider_default
loopback_native-4,2026-09-25T23:58:18+05:45,loopback_native,measure,ecdsa,X25519MLKEM768,80.628,1,X25519MLKEM768,ecdsa_secp256r1_sha256,0,2379,1468,0,-provider_default
loopback_native-5,2026-09-25T23:58:18+05:45,loopback_native,measure,ecdsa,X25519MLKEM768,81.342,1,X25519MLKEM768,ecdsa_secp256r1_sha256,0,2381,1468,0,-provider_default
loopback_native-6,2026-09-25T23:58:18+05:45,loopback_native,measure,ecdsa,X25519MLKEM768,79.170,1,X25519MLKEM768,ecdsa_secp256r1_sha256,0,2380,1468,0,-provider_default
loopback_native-7,2026-09-25T23:58:18+05:45,loopback_native,measure,ecdsa,X25519MLKEM768,84.616,1,X25519MLKEM768,ecdsa_secp256r1_sha256,0,2380,1468,0,-provider_default
loopback_native-8,2026-09-25T23:58:19+05:45,loopback_native,measure,ecdsa,X25519MLKEM768,82.335,1,X25519MLKEM768,ecdsa_secp256r1_sha256,0,2380,1468,0,-provider_default
loopback_native-9,2026-09-25T23:58:19+05:45,loopback_native,measure,ecdsa,X25519MLKEM768,76.145,1,X25519MLKEM768,ecdsa_secp256r1_sha256,0,2380,1468,0,-provider_default
loopback_native-10,2026-09-25T23:58:19+05:45,loopback_native,measure,ecdsa,X25519MLKEM768,75.409,1,X25519MLKEM768,ecdsa_secp256r1_sha256,0,2380,1468,0,-provider_default
loopback_native-11,2026-09-25T23:58:19+05:45,loopback_native,measure,ecdsa,X25519MLKEM768,78.942,1,X25519MLKEM768,ecdsa_secp256r1_sha256,0,2380,1468,0,-provider_default
loopback_native-12,2026-09-25T23:58:19+05:45,loopback_native,measure,ecdsa,X25519MLKEM768,72.579,1,X25519MLKEM768,ecdsa_secp256r1_sha256,0,2379,1468,0,-provider_default
loopback_native-13,2026-09-25T23:58:19+05:45,loopback_native,measure,ecdsa,X25519MLKEM768,73.527,1,X25519MLKEM768,ecdsa_secp256r1_sha256,0,2379,1468,0,-provider_default
loopback_native-14,2026-09-25T23:58:19+05:45,loopback_native,measure,ecdsa,X25519MLKEM768,72.947,1,X25519MLKEM768,ecdsa_secp256r1_sha256,0,2379,1468,0,-provider_default
loopback_native-15,2026-09-25T23:58:20+05:45,loopback_native,measure,ecdsa,X25519MLKEM768,70.572,1,X25519MLKEM768,ecdsa_secp256r1_sha256,0,2380,1468,0,-provider_default
loopback_native-16,2026-09-25T23:58:20+05:45,loopback_native,measure,ecdsa,X25519MLKEM768,74.928,1,X25519MLKEM768,ecdsa_secp256r1_sha256,0,2381,1468,0,-provider_default
loopback_native-17,2026-09-25T23:58:20+05:45,loopback_native,measure,ecdsa,X25519MLKEM768,73.556,1,X25519MLKEM768,ecdsa_secp256r1_sha256,0,2379,1468,0,-provider_default
loopback_native-18,2026-09-25T23:58:20+05:45,loopback_native,measure,ecdsa,X25519MLKEM768,74.522,1,X25519MLKEM768,ecdsa_secp256r1_sha256,0,2380,1468,0,-provider_default
loopback_native-19,2026-09-25T23:58:20+05:45,loopback_native,measure,ecdsa,X25519MLKEM768,73.885,1,X25519MLKEM768,ecdsa_secp256r1_sha256,0,2379,1468,0,-provider_default
loopback_native-20,2026-09-25T23:58:20+05:45,loopback_native,measure,ecdsa,X25519MLKEM768,80.430,1,X25519MLKEM768,ecdsa_secp256r1_sha256,0,2381,1468,0,-provider_default
loopback_native-21,2026-09-25T23:58:20+05:45,loopback_native,measure,ecdsa,X25519MLKEM768,73.463,1,X25519MLKEM768,ecdsa_secp256r1_sha256,0,2381,1468,0,-provider_default
loopback_native-22,2026-09-25T23:58:20+05:45,loopback_native,measure,ecdsa,X25519MLKEM768,69.068,1,X25519MLKEM768,ecdsa_secp256r1_sha256,0,2379,1468,0,-provider_default
loopback_native-23,2026-09-25T23:58:21+05:45,loopback_native,measure,ecdsa,X25519MLKEM768,70.601,1,X25519MLKEM768,ecdsa_secp256r1_sha256,0,2381,1468,0,-provider_default
loopback_native-24,2026-09-25T23:58:21+05:45,loopback_native,measure,ecdsa,X25519MLKEM768,68.225,1,X25519MLKEM768,ecdsa_secp256r1_sha256,0,2380,1468,0,-provider_default
loopback_native-25,2026-09-25T23:58:21+05:45,loopback_native,measure,ecdsa,X25519MLKEM768,69.081,1,X25519MLKEM768,ecdsa_secp256r1_sha256,0,2379,1468,0,-provider_default
loopback_native-26,2026-09-25T23:58:21+05:45,loopback_native,measure,ecdsa,X25519MLKEM768,74.034,1,X25519MLKEM768,ecdsa_secp256r1_sha256,0,2380,1468,0,-provider_default
loopback_native-27,2026-09-25T23:58:21+05:45,loopback_native,measure,ecdsa,X25519MLKEM768,74.333,1,X25519MLKEM768,ecdsa_secp256r1_sha256,0,2380,1468,0,-provider_default
loopback_native-28,2026-09-25T23:58:21+05:45,loopback_native,measure,ecdsa,X25519MLKEM768,73.635,1,X25519MLKEM768,ecdsa_secp256r1_sha256,0,2381,1468,0,-provider_default
loopback_native-29,2026-09-25T23:58:21+05:45,loopback_native,measure,ecdsa,X25519MLKEM768,76.552,1,X25519MLKEM768,ecdsa_secp256r1_sha256,0,2380,1468,0,-provider_default
loopback_native-30,2026-09-25T23:58:22+05:45,loopback_native,measure,ecdsa,X25519MLKEM768,73.246,1,X25519MLKEM768,ecdsa_secp256r1_sha256,0,2379,1468,0,-provider_default
loopback_native-31,2026-09-25T23:58:22+05:45,loopback_native,measure,ecdsa,X25519MLKEM768,79.923,1,X25519MLKEM768,ecdsa_secp256r1_sha256,0,2380,1468,0,-provider_default
loopback_native-32,2026-09-25T23:58:22+05:45,loopback_native,measure,ecdsa,X25519MLKEM768,75.639,1,X25519MLKEM768,ecdsa_secp256r1_sha256,0,2380,1468,0,-provider_default
loopback_native-33,2026-09-25T23:58:22+05:45,loopback_native,measure,ecdsa,X25519MLKEM768,74.276,1,X25519MLKEM768,ecdsa_secp256r1_sha256,0,2379,1468,0,-provider_default
loopback_native-34,2026-09-25T23:58:22+05:45,loopback_native,measure,ecdsa,X25519MLKEM768,72.144,1,X25519MLKEM768,ecdsa_secp256r1_sha256,0,2380,1468,0,-provider_default
loopback_native-35,2026-09-25T23:58:22+05:45,loopback_native,measure,ecdsa,X25519MLKEM768,73.732,1,X25519MLKEM768,ecdsa_secp256r1_sha256,0,2380,1468,0,-provider_default
loopback_native-36,2026-09-25T23:58:22+05:45,loopback_native,measure,ecdsa,X25519MLKEM768,77.640,1,X25519MLKEM768,ecdsa_secp256r1_sha256,0,2380,1468,0,-provider_default
loopback_native-37,2026-09-25T23:58:22+05:45,loopback_native,measure,ecdsa,X25519MLKEM768,78.003,1,X25519MLKEM768,ecdsa_secp256r1_sha256,0,2381,1468,0,-provider_default
loopback_native-38,2026-09-25T23:58:23+05:45,loopback_native,measure,ecdsa,X25519MLKEM768,78.157,1,X25519MLKEM768,ecdsa_secp256r1_sha256,0,2380,1468,0,-provider_default
loopback_native-39,2026-09-25T23:58:23+05:45,loopback_native,measure,ecdsa,X25519MLKEM768,77.168,1,X25519MLKEM768,ecdsa_secp256r1_sha256,0,2380,1468,0,-provider_default
loopback_native-40,2026-09-25T23:58:23+05:45,loopback_native,measure,ecdsa,X25519MLKEM768,78.462,1,X25519MLKEM768,ecdsa_secp256r1_sha256,0,2379,1468,0,-provider_default
loopback_native-41,2026-09-25T23:58:23+05:45,loopback_native,measure,ecdsa,X25519MLKEM768,77.233,1,X25519MLKEM768,ecdsa_secp256r1_sha256,0,2380,1468,0,-provider_default
loopback_native-42,2026-09-25T23:58:23+05:45,loopback_native,measure,ecdsa,X25519MLKEM768,77.627,1,X25519MLKEM768,ecdsa_secp256r1_sha256,0,2380,1468,0,-provider_default
loopback_native-43,2026-09-25T23:58:23+05:45,loopback_native,measure,ecdsa,X25519MLKEM768,77.516,1,X25519MLKEM768,ecdsa_secp256r1_sha256,0,2380,1468,0,-provider_default
loopback_native-44,2026-09-25T23:58:23+05:45,loopback_native,measure,ecdsa,X25519MLKEM768,71.546,1,X25519MLKEM768,ecdsa_secp256r1_sha256,0,2381,1468,0,-provider_default
loopback_native-45,2026-09-25T23:58:24+05:45,loopback_native,measure,ecdsa,X25519MLKEM768,72.050,1,X25519MLKEM768,ecdsa_secp256r1_sha256,0,2380,1468,0,-provider_default
loopback_native-46,2026-09-25T23:58:24+05:45,loopback_native,measure,ecdsa,X25519MLKEM768,68.066,1,X25519MLKEM768,ecdsa_secp256r1_sha256,0,2379,1468,0,-provider_default
loopback_native-47,2026-09-25T23:58:24+05:45,loopback_native,measure,ecdsa,X25519MLKEM768,72.281,1,X25519MLKEM768,ecdsa_secp256r1_sha256,0,2380,1468,0,-provider_default
loopback_native-48,2026-09-25T23:58:24+05:45,loopback_native,measure,ecdsa,X25519MLKEM768,68.432,1,X25519MLKEM768,ecdsa_secp256r1_sha256,0,2381,1468,0,-provider_default
loopback_native-49,2026-09-25T23:58:24+05:45,loopback_native,measure,ecdsa,X25519MLKEM768,69.239,1,X25519MLKEM768,ecdsa_secp256r1_sha256,0,2380,1468,0,-provider_default
loopback_native-50,2026-09-25T23:58:24+05:45,loopback_native,measure,ecdsa,X25519MLKEM768,64.625,1,X25519MLKEM768,ecdsa_secp256r1_sha256,0,2381,1468,0,-provider_default
loopback_oqs-w1,2026-09-25T23:58:24+05:45,loopback_oqs,warmup,ecdsa,X25519MLKEM768,64.627,1,X25519MLKEM768,ecdsa_secp256r1_sha256,0,2381,1468,0,-provider_oqsprovider_-provider_default
loopback_oqs-w2,2026-09-25T23:58:24+05:45,loopback_oqs,warmup,ecdsa,X25519MLKEM768,64.435,1,X25519MLKEM768,ecdsa_secp256r1_sha256,0,2380,1468,0,-provider_oqsprovider_-provider_default
loopback_oqs-w3,2026-09-25T23:58:25+05:45,loopback_oqs,warmup,ecdsa,X25519MLKEM768,65.099,1,X25519MLKEM768,ecdsa_secp256r1_sha256,0,2380,1468,0,-provider_oqsprovider_-provider_default
loopback_oqs-w4,2026-09-25T23:58:25+05:45,loopback_oqs,warmup,ecdsa,X25519MLKEM768,63.814,1,X25519MLKEM768,ecdsa_secp256r1_sha256,0,2380,1468,0,-provider_oqsprovider_-provider_default
loopback_oqs-w5,2026-09-25T23:58:25+05:45,loopback_oqs,warmup,ecdsa,X25519MLKEM768,65.075,1,X25519MLKEM768,ecdsa_secp256r1_sha256,0,2380,1468,0,-provider_oqsprovider_-provider_default
loopback_oqs-1,2026-09-25T23:58:25+05:45,loopback_oqs,measure,ecdsa,X25519MLKEM768,64.792,1,X25519MLKEM768,ecdsa_secp256r1_sha256,0,2381,1468,0,-provider_oqsprovider_-provider_default
loopback_oqs-2,2026-09-25T23:58:25+05:45,loopback_oqs,measure,ecdsa,X25519MLKEM768,63.970,1,X25519MLKEM768,ecdsa_secp256r1_sha256,0,2381,1468,0,-provider_oqsprovider_-provider_default
loopback_oqs-3,2026-09-25T23:58:25+05:45,loopback_oqs,measure,ecdsa,X25519MLKEM768,61.750,1,X25519MLKEM768,ecdsa_secp256r1_sha256,0,2381,1468,0,-provider_oqsprovider_-provider_default
loopback_oqs-4,2026-09-25T23:58:25+05:45,loopback_oqs,measure,ecdsa,X25519MLKEM768,60.623,1,X25519MLKEM768,ecdsa_secp256r1_sha256,0,2379,1468,0,-provider_oqsprovider_-provider_default
loopback_oqs-5,2026-09-25T23:58:25+05:45,loopback_oqs,measure,ecdsa,X25519MLKEM768,64.703,1,X25519MLKEM768,ecdsa_secp256r1_sha256,0,2379,1468,0,-provider_oqsprovider_-provider_default
loopback_oqs-6,2026-09-25T23:58:25+05:45,loopback_oqs,measure,ecdsa,X25519MLKEM768,61.837,1,X25519MLKEM768,ecdsa_secp256r1_sha256,0,2381,1468,0,-provider_oqsprovider_-provider_default
loopback_oqs-7,2026-09-25T23:58:26+05:45,loopback_oqs,measure,ecdsa,X25519MLKEM768,62.125,1,X25519MLKEM768,ecdsa_secp256r1_sha256,0,2381,1468,0,-provider_oqsprovider_-provider_default
loopback_oqs-8,2026-09-25T23:58:26+05:45,loopback_oqs,measure,ecdsa,X25519MLKEM768,60.624,1,X25519MLKEM768,ecdsa_secp256r1_sha256,0,2381,1468,0,-provider_oqsprovider_-provider_default
loopback_oqs-9,2026-09-25T23:58:26+05:45,loopback_oqs,measure,ecdsa,X25519MLKEM768,60.516,1,X25519MLKEM768,ecdsa_secp256r1_sha256,0,2381,1468,0,-provider_oqsprovider_-provider_default
loopback_oqs-10,2026-09-25T23:58:26+05:45,loopback_oqs,measure,ecdsa,X25519MLKEM768,62.031,1,X25519MLKEM768,ecdsa_secp256r1_sha256,0,2381,1468,0,-provider_oqsprovider_-provider_default
loopback_oqs-11,2026-09-25T23:58:26+05:45,loopback_oqs,measure,ecdsa,X25519MLKEM768,63.010,1,X25519MLKEM768,ecdsa_secp256r1_sha256,0,2380,1468,0,-provider_oqsprovider_-provider_default
loopback_oqs-12,2026-09-25T23:58:26+05:45,loopback_oqs,measure,ecdsa,X25519MLKEM768,63.406,1,X25519MLKEM768,ecdsa_secp256r1_sha256,0,2381,1468,0,-provider_oqsprovider_-provider_default
loopback_oqs-13,2026-09-25T23:58:26+05:45,loopback_oqs,measure,ecdsa,X25519MLKEM768,63.946,1,X25519MLKEM768,ecdsa_secp256r1_sha256,0,2381,1468,0,-provider_oqsprovider_-provider_default
loopback_oqs-14,2026-09-25T23:58:26+05:45,loopback_oqs,measure,ecdsa,X25519MLKEM768,64.920,1,X25519MLKEM768,ecdsa_secp256r1_sha256,0,2379,1468,0,-provider_oqsprovider_-provider_default
loopback_oqs-15,2026-09-25T23:58:26+05:45,loopback_oqs,measure,ecdsa,X25519MLKEM768,65.926,1,X25519MLKEM768,ecdsa_secp256r1_sha256,0,2380,1468,0,-provider_oqsprovider_-provider_default
loopback_oqs-16,2026-09-25T23:58:27+05:45,loopback_oqs,measure,ecdsa,X25519MLKEM768,65.671,1,X25519MLKEM768,ecdsa_secp256r1_sha256,0,2381,1468,0,-provider_oqsprovider_-provider_default
loopback_oqs-17,2026-09-25T23:58:27+05:45,loopback_oqs,measure,ecdsa,X25519MLKEM768,65.751,1,X25519MLKEM768,ecdsa_secp256r1_sha256,0,2380,1468,0,-provider_oqsprovider_-provider_default
loopback_oqs-18,2026-09-25T23:58:27+05:45,loopback_oqs,measure,ecdsa,X25519MLKEM768,64.061,1,X25519MLKEM768,ecdsa_secp256r1_sha256,0,2379,1468,0,-provider_oqsprovider_-provider_default
loopback_oqs-19,2026-09-25T23:58:27+05:45,loopback_oqs,measure,ecdsa,X25519MLKEM768,67.622,1,X25519MLKEM768,ecdsa_secp256r1_sha256,0,2380,1468,0,-provider_oqsprovider_-provider_default
loopback_oqs-20,2026-09-25T23:58:27+05:45,loopback_oqs,measure,ecdsa,X25519MLKEM768,66.668,1,X25519MLKEM768,ecdsa_secp256r1_sha256,0,2381,1468,0,-provider_oqsprovider_-provider_default
loopback_oqs-21,2026-09-25T23:58:27+05:45,loopback_oqs,measure,ecdsa,X25519MLKEM768,66.493,1,X25519MLKEM768,ecdsa_secp256r1_sha256,0,2380,1468,0,-provider_oqsprovider_-provider_default
loopback_oqs-22,2026-09-25T23:58:27+05:45,loopback_oqs,measure,ecdsa,X25519MLKEM768,66.631,1,X25519MLKEM768,ecdsa_secp256r1_sha256,0,2379,1468,0,-provider_oqsprovider_-provider_default
loopback_oqs-23,2026-09-25T23:58:27+05:45,loopback_oqs,measure,ecdsa,X25519MLKEM768,66.382,1,X25519MLKEM768,ecdsa_secp256r1_sha256,0,2379,1468,0,-provider_oqsprovider_-provider_default
loopback_oqs-24,2026-09-25T23:58:28+05:45,loopback_oqs,measure,ecdsa,X25519MLKEM768,65.617,1,X25519MLKEM768,ecdsa_secp256r1_sha256,0,2379,1468,0,-provider_oqsprovider_-provider_default
loopback_oqs-25,2026-09-25T23:58:28+05:45,loopback_oqs,measure,ecdsa,X25519MLKEM768,64.702,1,X25519MLKEM768,ecdsa_secp256r1_sha256,0,2380,1468,0,-provider_oqsprovider_-provider_default
loopback_oqs-26,2026-09-25T23:58:28+05:45,loopback_oqs,measure,ecdsa,X25519MLKEM768,66.264,1,X25519MLKEM768,ecdsa_secp256r1_sha256,0,2380,1468,0,-provider_oqsprovider_-provider_default
loopback_oqs-27,2026-09-25T23:58:28+05:45,loopback_oqs,measure,ecdsa,X25519MLKEM768,66.717,1,X25519MLKEM768,ecdsa_secp256r1_sha256,0,2381,1468,0,-provider_oqsprovider_-provider_default
loopback_oqs-28,2026-09-25T23:58:28+05:45,loopback_oqs,measure,ecdsa,X25519MLKEM768,66.113,1,X25519MLKEM768,ecdsa_secp256r1_sha256,0,2381,1468,0,-provider_oqsprovider_-provider_default
loopback_oqs-29,2026-09-25T23:58:28+05:45,loopback_oqs,measure,ecdsa,X25519MLKEM768,64.628,1,X25519MLKEM768,ecdsa_secp256r1_sha256,0,2381,1468,0,-provider_oqsprovider_-provider_default
loopback_oqs-30,2026-09-25T23:58:28+05:45,loopback_oqs,measure,ecdsa,X25519MLKEM768,64.555,1,X25519MLKEM768,ecdsa_secp256r1_sha256,0,2380,1468,0,-provider_oqsprovider_-provider_default
loopback_oqs-31,2026-09-25T23:58:28+05:45,loopback_oqs,measure,ecdsa,X25519MLKEM768,65.970,1,X25519MLKEM768,ecdsa_secp256r1_sha256,0,2379,1468,0,-provider_oqsprovider_-provider_default
loopback_oqs-32,2026-09-25T23:58:28+05:45,loopback_oqs,measure,ecdsa,X25519MLKEM768,65.554,1,X25519MLKEM768,ecdsa_secp256r1_sha256,0,2380,1468,0,-provider_oqsprovider_-provider_default
loopback_oqs-33,2026-09-25T23:58:29+05:45,loopback_oqs,measure,ecdsa,X25519MLKEM768,61.987,1,X25519MLKEM768,ecdsa_secp256r1_sha256,0,2380,1468,0,-provider_oqsprovider_-provider_default
loopback_oqs-34,2026-09-25T23:58:29+05:45,loopback_oqs,measure,ecdsa,X25519MLKEM768,62.174,1,X25519MLKEM768,ecdsa_secp256r1_sha256,0,2379,1468,0,-provider_oqsprovider_-provider_default
loopback_oqs-35,2026-09-25T23:58:29+05:45,loopback_oqs,measure,ecdsa,X25519MLKEM768,61.068,1,X25519MLKEM768,ecdsa_secp256r1_sha256,0,2379,1468,0,-provider_oqsprovider_-provider_default
loopback_oqs-36,2026-09-25T23:58:29+05:45,loopback_oqs,measure,ecdsa,X25519MLKEM768,67.844,1,X25519MLKEM768,ecdsa_secp256r1_sha256,0,2380,1468,0,-provider_oqsprovider_-provider_default
loopback_oqs-37,2026-09-25T23:58:29+05:45,loopback_oqs,measure,ecdsa,X25519MLKEM768,66.754,1,X25519MLKEM768,ecdsa_secp256r1_sha256,0,2380,1468,0,-provider_oqsprovider_-provider_default
loopback_oqs-38,2026-09-25T23:58:29+05:45,loopback_oqs,measure,ecdsa,X25519MLKEM768,65.359,1,X25519MLKEM768,ecdsa_secp256r1_sha256,0,2380,1468,0,-provider_oqsprovider_-provider_default
loopback_oqs-39,2026-09-25T23:58:29+05:45,loopback_oqs,measure,ecdsa,X25519MLKEM768,71.095,1,X25519MLKEM768,ecdsa_secp256r1_sha256,0,2379,1468,0,-provider_oqsprovider_-provider_default
loopback_oqs-40,2026-09-25T23:58:29+05:45,loopback_oqs,measure,ecdsa,X25519MLKEM768,72.183,1,X25519MLKEM768,ecdsa_secp256r1_sha256,0,2380,1468,0,-provider_oqsprovider_-provider_default
loopback_oqs-41,2026-09-25T23:58:29+05:45,loopback_oqs,measure,ecdsa,X25519MLKEM768,67.503,1,X25519MLKEM768,ecdsa_secp256r1_sha256,0,2379,1468,0,-provider_oqsprovider_-provider_default
loopback_oqs-42,2026-09-25T23:58:30+05:45,loopback_oqs,measure,ecdsa,X25519MLKEM768,68.240,1,X25519MLKEM768,ecdsa_secp256r1_sha256,0,2381,1468,0,-provider_oqsprovider_-provider_default
loopback_oqs-43,2026-09-25T23:58:30+05:45,loopback_oqs,measure,ecdsa,X25519MLKEM768,64.333,1,X25519MLKEM768,ecdsa_secp256r1_sha256,0,2381,1468,0,-provider_oqsprovider_-provider_default
loopback_oqs-44,2026-09-25T23:58:30+05:45,loopback_oqs,measure,ecdsa,X25519MLKEM768,65.038,1,X25519MLKEM768,ecdsa_secp256r1_sha256,0,2381,1468,0,-provider_oqsprovider_-provider_default
loopback_oqs-45,2026-09-25T23:58:30+05:45,loopback_oqs,measure,ecdsa,X25519MLKEM768,65.498,1,X25519MLKEM768,ecdsa_secp256r1_sha256,0,2380,1468,0,-provider_oqsprovider_-provider_default
loopback_oqs-46,2026-09-25T23:58:30+05:45,loopback_oqs,measure,ecdsa,X25519MLKEM768,73.956,1,X25519MLKEM768,ecdsa_secp256r1_sha256,0,2380,1468,0,-provider_oqsprovider_-provider_default
loopback_oqs-47,2026-09-25T23:58:30+05:45,loopback_oqs,measure,ecdsa,X25519MLKEM768,82.691,1,X25519MLKEM768,ecdsa_secp256r1_sha256,0,2380,1468,0,-provider_oqsprovider_-provider_default
loopback_oqs-48,2026-09-25T23:58:30+05:45,loopback_oqs,measure,ecdsa,X25519MLKEM768,77.763,1,X25519MLKEM768,ecdsa_secp256r1_sha256,0,2380,1468,0,-provider_oqsprovider_-provider_default
loopback_oqs-49,2026-09-25T23:58:31+05:45,loopback_oqs,measure,ecdsa,X25519MLKEM768,70.663,1,X25519MLKEM768,ecdsa_secp256r1_sha256,0,2380,1468,0,-provider_oqsprovider_-provider_default
loopback_oqs-50,2026-09-25T23:58:31+05:45,loopback_oqs,measure,ecdsa,X25519MLKEM768,69.182,1,X25519MLKEM768,ecdsa_secp256r1_sha256,0,2380,1468,0,-provider_oqsprovider_-provider_default
loopback_native-w1,2026-09-25T23:58:31+05:45,loopback_native,warmup,ecdsa,X25519MLKEM768,69.919,1,X25519MLKEM768,ecdsa_secp256r1_sha256,0,2379,1468,0,-provider_default
loopback_native-w2,2026-09-25T23:58:31+05:45,loopback_native,warmup,ecdsa,X25519MLKEM768,68.279,1,X25519MLKEM768,ecdsa_secp256r1_sha256,0,2379,1468,0,-provider_default
loopback_native-w3,2026-09-25T23:58:31+05:45,loopback_native,warmup,ecdsa,X25519MLKEM768,67.804,1,X25519MLKEM768,ecdsa_secp256r1_sha256,0,2379,1468,0,-provider_default
loopback_native-w4,2026-09-25T23:58:31+05:45,loopback_native,warmup,ecdsa,X25519MLKEM768,68.424,1,X25519MLKEM768,ecdsa_secp256r1_sha256,0,2381,1468,0,-provider_default
loopback_native-w5,2026-09-25T23:58:31+05:45,loopback_native,warmup,ecdsa,X25519MLKEM768,66.634,1,X25519MLKEM768,ecdsa_secp256r1_sha256,0,2380,1468,0,-provider_default
loopback_native-1,2026-09-25T23:58:31+05:45,loopback_native,measure,ecdsa,X25519MLKEM768,65.871,1,X25519MLKEM768,ecdsa_secp256r1_sha256,0,2379,1468,0,-provider_default
loopback_native-2,2026-09-25T23:58:31+05:45,loopback_native,measure,ecdsa,X25519MLKEM768,64.389,1,X25519MLKEM768,ecdsa_secp256r1_sha256,0,2380,1468,0,-provider_default
loopback_native-3,2026-09-25T23:58:32+05:45,loopback_native,measure,ecdsa,X25519MLKEM768,64.838,1,X25519MLKEM768,ecdsa_secp256r1_sha256,0,2380,1468,0,-provider_default
loopback_native-4,2026-09-25T23:58:32+05:45,loopback_native,measure,ecdsa,X25519MLKEM768,64.435,1,X25519MLKEM768,ecdsa_secp256r1_sha256,0,2379,1468,0,-provider_default
loopback_native-5,2026-09-25T23:58:32+05:45,loopback_native,measure,ecdsa,X25519MLKEM768,65.301,1,X25519MLKEM768,ecdsa_secp256r1_sha256,0,2379,1468,0,-provider_default
loopback_native-6,2026-09-25T23:58:32+05:45,loopback_native,measure,ecdsa,X25519MLKEM768,65.975,1,X25519MLKEM768,ecdsa_secp256r1_sha256,0,2381,1468,0,-provider_default
loopback_native-7,2026-09-25T23:58:32+05:45,loopback_native,measure,ecdsa,X25519MLKEM768,66.226,1,X25519MLKEM768,ecdsa_secp256r1_sha256,0,2379,1468,0,-provider_default
loopback_native-8,2026-09-25T23:58:32+05:45,loopback_native,measure,ecdsa,X25519MLKEM768,69.176,1,X25519MLKEM768,ecdsa_secp256r1_sha256,0,2380,1468,0,-provider_default
loopback_native-9,2026-09-25T23:58:32+05:45,loopback_native,measure,ecdsa,X25519MLKEM768,64.525,1,X25519MLKEM768,ecdsa_secp256r1_sha256,0,2380,1468,0,-provider_default
loopback_native-10,2026-09-25T23:58:32+05:45,loopback_native,measure,ecdsa,X25519MLKEM768,64.568,1,X25519MLKEM768,ecdsa_secp256r1_sha256,0,2379,1468,0,-provider_default
loopback_native-11,2026-09-25T23:58:33+05:45,loopback_native,measure,ecdsa,X25519MLKEM768,67.830,1,X25519MLKEM768,ecdsa_secp256r1_sha256,0,2379,1468,0,-provider_default
loopback_native-12,2026-09-25T23:58:33+05:45,loopback_native,measure,ecdsa,X25519MLKEM768,66.671,1,X25519MLKEM768,ecdsa_secp256r1_sha256,0,2379,1468,0,-provider_default
loopback_native-13,2026-09-25T23:58:33+05:45,loopback_native,measure,ecdsa,X25519MLKEM768,65.606,1,X25519MLKEM768,ecdsa_secp256r1_sha256,0,2381,1468,0,-provider_default
loopback_native-14,2026-09-25T23:58:33+05:45,loopback_native,measure,ecdsa,X25519MLKEM768,67.452,1,X25519MLKEM768,ecdsa_secp256r1_sha256,0,2379,1468,0,-provider_default
loopback_native-15,2026-09-25T23:58:33+05:45,loopback_native,measure,ecdsa,X25519MLKEM768,64.528,1,X25519MLKEM768,ecdsa_secp256r1_sha256,0,2380,1468,0,-provider_default
loopback_native-16,2026-09-25T23:58:33+05:45,loopback_native,measure,ecdsa,X25519MLKEM768,64.407,1,X25519MLKEM768,ecdsa_secp256r1_sha256,0,2380,1468,0,-provider_default
loopback_native-17,2026-09-25T23:58:33+05:45,loopback_native,measure,ecdsa,X25519MLKEM768,67.036,1,X25519MLKEM768,ecdsa_secp256r1_sha256,0,2381,1468,0,-provider_default
loopback_native-18,2026-09-25T23:58:33+05:45,loopback_native,measure,ecdsa,X25519MLKEM768,66.864,1,X25519MLKEM768,ecdsa_secp256r1_sha256,0,2380,1468,0,-provider_default
loopback_native-19,2026-09-25T23:58:33+05:45,loopback_native,measure,ecdsa,X25519MLKEM768,64.701,1,X25519MLKEM768,ecdsa_secp256r1_sha256,0,2381,1468,0,-provider_default
loopback_native-20,2026-09-25T23:58:34+05:45,loopback_native,measure,ecdsa,X25519MLKEM768,66.225,1,X25519MLKEM768,ecdsa_secp256r1_sha256,0,2381,1468,0,-provider_default
loopback_native-21,2026-09-25T23:58:34+05:45,loopback_native,measure,ecdsa,X25519MLKEM768,64.970,1,X25519MLKEM768,ecdsa_secp256r1_sha256,0,2381,1468,0,-provider_default
loopback_native-22,2026-09-25T23:58:34+05:45,loopback_native,measure,ecdsa,X25519MLKEM768,64.882,1,X25519MLKEM768,ecdsa_secp256r1_sha256,0,2379,1468,0,-provider_default
loopback_native-23,2026-09-25T23:58:34+05:45,loopback_native,measure,ecdsa,X25519MLKEM768,66.033,1,X25519MLKEM768,ecdsa_secp256r1_sha256,0,2381,1468,0,-provider_default
loopback_native-24,2026-09-25T23:58:34+05:45,loopback_native,measure,ecdsa,X25519MLKEM768,67.538,1,X25519MLKEM768,ecdsa_secp256r1_sha256,0,2379,1468,0,-provider_default
loopback_native-25,2026-09-25T23:58:34+05:45,loopback_native,measure,ecdsa,X25519MLKEM768,64.114,1,X25519MLKEM768,ecdsa_secp256r1_sha256,0,2380,1468,0,-provider_default
loopback_native-26,2026-09-25T23:58:34+05:45,loopback_native,measure,ecdsa,X25519MLKEM768,66.921,1,X25519MLKEM768,ecdsa_secp256r1_sha256,0,2379,1468,0,-provider_default
loopback_native-27,2026-09-25T23:58:34+05:45,loopback_native,measure,ecdsa,X25519MLKEM768,70.175,1,X25519MLKEM768,ecdsa_secp256r1_sha256,0,2381,1468,0,-provider_default
loopback_native-28,2026-09-25T23:58:35+05:45,loopback_native,measure,ecdsa,X25519MLKEM768,70.659,1,X25519MLKEM768,ecdsa_secp256r1_sha256,0,2380,1468,0,-provider_default
loopback_native-29,2026-09-25T23:58:35+05:45,loopback_native,measure,ecdsa,X25519MLKEM768,74.506,1,X25519MLKEM768,ecdsa_secp256r1_sha256,0,2380,1468,0,-provider_default
loopback_native-30,2026-09-25T23:58:35+05:45,loopback_native,measure,ecdsa,X25519MLKEM768,77.583,1,X25519MLKEM768,ecdsa_secp256r1_sha256,0,2381,1468,0,-provider_default
loopback_native-31,2026-09-25T23:58:35+05:45,loopback_native,measure,ecdsa,X25519MLKEM768,78.780,1,X25519MLKEM768,ecdsa_secp256r1_sha256,0,2380,1468,0,-provider_default
loopback_native-32,2026-09-25T23:58:35+05:45,loopback_native,measure,ecdsa,X25519MLKEM768,73.599,1,X25519MLKEM768,ecdsa_secp256r1_sha256,0,2380,1468,0,-provider_default
loopback_native-33,2026-09-25T23:58:35+05:45,loopback_native,measure,ecdsa,X25519MLKEM768,76.135,1,X25519MLKEM768,ecdsa_secp256r1_sha256,0,2379,1468,0,-provider_default
loopback_native-34,2026-09-25T23:58:35+05:45,loopback_native,measure,ecdsa,X25519MLKEM768,83.699,1,X25519MLKEM768,ecdsa_secp256r1_sha256,0,2381,1468,0,-provider_default
loopback_native-35,2026-09-25T23:58:36+05:45,loopback_native,measure,ecdsa,X25519MLKEM768,78.486,1,X25519MLKEM768,ecdsa_secp256r1_sha256,0,2380,1468,0,-provider_default
loopback_native-36,2026-09-25T23:58:36+05:45,loopback_native,measure,ecdsa,X25519MLKEM768,78.921,1,X25519MLKEM768,ecdsa_secp256r1_sha256,0,2380,1468,0,-provider_default
loopback_native-37,2026-09-25T23:58:36+05:45,loopback_native,measure,ecdsa,X25519MLKEM768,68.773,1,X25519MLKEM768,ecdsa_secp256r1_sha256,0,2379,1468,0,-provider_default
loopback_native-38,2026-09-25T23:58:36+05:45,loopback_native,measure,ecdsa,X25519MLKEM768,69.295,1,X25519MLKEM768,ecdsa_secp256r1_sha256,0,2379,1468,0,-provider_default
loopback_native-39,2026-09-25T23:58:36+05:45,loopback_native,measure,ecdsa,X25519MLKEM768,68.440,1,X25519MLKEM768,ecdsa_secp256r1_sha256,0,2380,1468,0,-provider_default
loopback_native-40,2026-09-25T23:58:36+05:45,loopback_native,measure,ecdsa,X25519MLKEM768,71.033,1,X25519MLKEM768,ecdsa_secp256r1_sha256,0,2381,1468,0,-provider_default
loopback_native-41,2026-09-25T23:58:36+05:45,loopback_native,measure,ecdsa,X25519MLKEM768,67.859,1,X25519MLKEM768,ecdsa_secp256r1_sha256,0,2380,1468,0,-provider_default
loopback_native-42,2026-09-25T23:58:36+05:45,loopback_native,measure,ecdsa,X25519MLKEM768,69.004,1,X25519MLKEM768,ecdsa_secp256r1_sha256,0,2380,1468,0,-provider_default
loopback_native-43,2026-09-25T23:58:37+05:45,loopback_native,measure,ecdsa,X25519MLKEM768,63.756,1,X25519MLKEM768,ecdsa_secp256r1_sha256,0,2381,1468,0,-provider_default
loopback_native-44,2026-09-25T23:58:37+05:45,loopback_native,measure,ecdsa,X25519MLKEM768,69.196,1,X25519MLKEM768,ecdsa_secp256r1_sha256,0,2381,1468,0,-provider_default
loopback_native-45,2026-09-25T23:58:37+05:45,loopback_native,measure,ecdsa,X25519MLKEM768,65.240,1,X25519MLKEM768,ecdsa_secp256r1_sha256,0,2379,1468,0,-provider_default
loopback_native-46,2026-09-25T23:58:37+05:45,loopback_native,measure,ecdsa,X25519MLKEM768,64.798,1,X25519MLKEM768,ecdsa_secp256r1_sha256,0,2380,1468,0,-provider_default
loopback_native-47,2026-09-25T23:58:37+05:45,loopback_native,measure,ecdsa,X25519MLKEM768,66.094,1,X25519MLKEM768,ecdsa_secp256r1_sha256,0,2379,1468,0,-provider_default
loopback_native-48,2026-09-25T23:58:37+05:45,loopback_native,measure,ecdsa,X25519MLKEM768,65.552,1,X25519MLKEM768,ecdsa_secp256r1_sha256,0,2379,1468,0,-provider_default
loopback_native-49,2026-09-25T23:58:37+05:45,loopback_native,measure,ecdsa,X25519MLKEM768,65.037,1,X25519MLKEM768,ecdsa_secp256r1_sha256,0,2379,1468,0,-provider_default
loopback_native-50,2026-09-25T23:58:37+05:45,loopback_native,measure,ecdsa,X25519MLKEM768,71.927,1,X25519MLKEM768,ecdsa_secp256r1_sha256,0,2381,1468,0,-provider_default
loopback_oqs-w1,2026-09-25T23:58:37+05:45,loopback_oqs,warmup,ecdsa,X25519MLKEM768,64.432,1,X25519MLKEM768,ecdsa_secp256r1_sha256,0,2380,1468,0,-provider_oqsprovider_-provider_default
loopback_oqs-w2,2026-09-25T23:58:38+05:45,loopback_oqs,warmup,ecdsa,X25519MLKEM768,66.689,1,X25519MLKEM768,ecdsa_secp256r1_sha256,0,2380,1468,0,-provider_oqsprovider_-provider_default
loopback_oqs-w3,2026-09-25T23:58:38+05:45,loopback_oqs,warmup,ecdsa,X25519MLKEM768,69.035,1,X25519MLKEM768,ecdsa_secp256r1_sha256,0,2380,1468,0,-provider_oqsprovider_-provider_default
loopback_oqs-w4,2026-09-25T23:58:38+05:45,loopback_oqs,warmup,ecdsa,X25519MLKEM768,64.994,1,X25519MLKEM768,ecdsa_secp256r1_sha256,0,2381,1468,0,-provider_oqsprovider_-provider_default
loopback_oqs-w5,2026-09-25T23:58:38+05:45,loopback_oqs,warmup,ecdsa,X25519MLKEM768,66.664,1,X25519MLKEM768,ecdsa_secp256r1_sha256,0,2380,1468,0,-provider_oqsprovider_-provider_default
loopback_oqs-1,2026-09-25T23:58:38+05:45,loopback_oqs,measure,ecdsa,X25519MLKEM768,65.467,1,X25519MLKEM768,ecdsa_secp256r1_sha256,0,2380,1468,0,-provider_oqsprovider_-provider_default
loopback_oqs-2,2026-09-25T23:58:38+05:45,loopback_oqs,measure,ecdsa,X25519MLKEM768,66.946,1,X25519MLKEM768,ecdsa_secp256r1_sha256,0,2379,1468,0,-provider_oqsprovider_-provider_default
loopback_oqs-3,2026-09-25T23:58:38+05:45,loopback_oqs,measure,ecdsa,X25519MLKEM768,67.280,1,X25519MLKEM768,ecdsa_secp256r1_sha256,0,2380,1468,0,-provider_oqsprovider_-provider_default
loopback_oqs-4,2026-09-25T23:58:38+05:45,loopback_oqs,measure,ecdsa,X25519MLKEM768,67.835,1,X25519MLKEM768,ecdsa_secp256r1_sha256,0,2380,1468,0,-provider_oqsprovider_-provider_default
loopback_oqs-5,2026-09-25T23:58:39+05:45,loopback_oqs,measure,ecdsa,X25519MLKEM768,65.797,1,X25519MLKEM768,ecdsa_secp256r1_sha256,0,2380,1468,0,-provider_oqsprovider_-provider_default
loopback_oqs-6,2026-09-25T23:58:39+05:45,loopback_oqs,measure,ecdsa,X25519MLKEM768,67.500,1,X25519MLKEM768,ecdsa_secp256r1_sha256,0,2379,1468,0,-provider_oqsprovider_-provider_default
loopback_oqs-7,2026-09-25T23:58:39+05:45,loopback_oqs,measure,ecdsa,X25519MLKEM768,68.325,1,X25519MLKEM768,ecdsa_secp256r1_sha256,0,2380,1468,0,-provider_oqsprovider_-provider_default
loopback_oqs-8,2026-09-25T23:58:39+05:45,loopback_oqs,measure,ecdsa,X25519MLKEM768,66.687,1,X25519MLKEM768,ecdsa_secp256r1_sha256,0,2379,1468,0,-provider_oqsprovider_-provider_default
loopback_oqs-9,2026-09-25T23:58:39+05:45,loopback_oqs,measure,ecdsa,X25519MLKEM768,66.847,1,X25519MLKEM768,ecdsa_secp256r1_sha256,0,2381,1468,0,-provider_oqsprovider_-provider_default
loopback_oqs-10,2026-09-25T23:58:39+05:45,loopback_oqs,measure,ecdsa,X25519MLKEM768,67.176,1,X25519MLKEM768,ecdsa_secp256r1_sha256,0,2380,1468,0,-provider_oqsprovider_-provider_default
loopback_oqs-11,2026-09-25T23:58:39+05:45,loopback_oqs,measure,ecdsa,X25519MLKEM768,67.614,1,X25519MLKEM768,ecdsa_secp256r1_sha256,0,2380,1468,0,-provider_oqsprovider_-provider_default
loopback_oqs-12,2026-09-25T23:58:39+05:45,loopback_oqs,measure,ecdsa,X25519MLKEM768,67.798,1,X25519MLKEM768,ecdsa_secp256r1_sha256,0,2380,1468,0,-provider_oqsprovider_-provider_default
loopback_oqs-13,2026-09-25T23:58:40+05:45,loopback_oqs,measure,ecdsa,X25519MLKEM768,67.170,1,X25519MLKEM768,ecdsa_secp256r1_sha256,0,2379,1468,0,-provider_oqsprovider_-provider_default
loopback_oqs-14,2026-09-25T23:58:40+05:45,loopback_oqs,measure,ecdsa,X25519MLKEM768,65.652,1,X25519MLKEM768,ecdsa_secp256r1_sha256,0,2379,1468,0,-provider_oqsprovider_-provider_default
loopback_oqs-15,2026-09-25T23:58:40+05:45,loopback_oqs,measure,ecdsa,X25519MLKEM768,66.789,1,X25519MLKEM768,ecdsa_secp256r1_sha256,0,2380,1468,0,-provider_oqsprovider_-provider_default
loopback_oqs-16,2026-09-25T23:58:40+05:45,loopback_oqs,measure,ecdsa,X25519MLKEM768,65.201,1,X25519MLKEM768,ecdsa_secp256r1_sha256,0,2380,1468,0,-provider_oqsprovider_-provider_default
loopback_oqs-17,2026-09-25T23:58:40+05:45,loopback_oqs,measure,ecdsa,X25519MLKEM768,68.834,1,X25519MLKEM768,ecdsa_secp256r1_sha256,0,2380,1468,0,-provider_oqsprovider_-provider_default
loopback_oqs-18,2026-09-25T23:58:40+05:45,loopback_oqs,measure,ecdsa,X25519MLKEM768,70.983,1,X25519MLKEM768,ecdsa_secp256r1_sha256,0,2381,1468,0,-provider_oqsprovider_-provider_default
loopback_oqs-19,2026-09-25T23:58:40+05:45,loopback_oqs,measure,ecdsa,X25519MLKEM768,69.659,1,X25519MLKEM768,ecdsa_secp256r1_sha256,0,2381,1468,0,-provider_oqsprovider_-provider_default
loopback_oqs-20,2026-09-25T23:58:40+05:45,loopback_oqs,measure,ecdsa,X25519MLKEM768,68.891,1,X25519MLKEM768,ecdsa_secp256r1_sha256,0,2380,1468,0,-provider_oqsprovider_-provider_default
loopback_oqs-21,2026-09-25T23:58:41+05:45,loopback_oqs,measure,ecdsa,X25519MLKEM768,67.896,1,X25519MLKEM768,ecdsa_secp256r1_sha256,0,2379,1468,0,-provider_oqsprovider_-provider_default
loopback_oqs-22,2026-09-25T23:58:41+05:45,loopback_oqs,measure,ecdsa,X25519MLKEM768,71.442,1,X25519MLKEM768,ecdsa_secp256r1_sha256,0,2381,1468,0,-provider_oqsprovider_-provider_default
loopback_oqs-23,2026-09-25T23:58:41+05:45,loopback_oqs,measure,ecdsa,X25519MLKEM768,69.263,1,X25519MLKEM768,ecdsa_secp256r1_sha256,0,2381,1468,0,-provider_oqsprovider_-provider_default
loopback_oqs-24,2026-09-25T23:58:41+05:45,loopback_oqs,measure,ecdsa,X25519MLKEM768,69.651,1,X25519MLKEM768,ecdsa_secp256r1_sha256,0,2381,1468,0,-provider_oqsprovider_-provider_default
loopback_oqs-25,2026-09-25T23:58:41+05:45,loopback_oqs,measure,ecdsa,X25519MLKEM768,68.719,1,X25519MLKEM768,ecdsa_secp256r1_sha256,0,2380,1468,0,-provider_oqsprovider_-provider_default
loopback_oqs-26,2026-09-25T23:58:41+05:45,loopback_oqs,measure,ecdsa,X25519MLKEM768,72.195,1,X25519MLKEM768,ecdsa_secp256r1_sha256,0,2380,1468,0,-provider_oqsprovider_-provider_default
loopback_oqs-27,2026-09-25T23:58:41+05:45,loopback_oqs,measure,ecdsa,X25519MLKEM768,69.729,1,X25519MLKEM768,ecdsa_secp256r1_sha256,0,2380,1468,0,-provider_oqsprovider_-provider_default
loopback_oqs-28,2026-09-25T23:58:41+05:45,loopback_oqs,measure,ecdsa,X25519MLKEM768,67.493,1,X25519MLKEM768,ecdsa_secp256r1_sha256,0,2380,1468,0,-provider_oqsprovider_-provider_default
loopback_oqs-29,2026-09-25T23:58:42+05:45,loopback_oqs,measure,ecdsa,X25519MLKEM768,68.437,1,X25519MLKEM768,ecdsa_secp256r1_sha256,0,2381,1468,0,-provider_oqsprovider_-provider_default
loopback_oqs-30,2026-09-25T23:58:42+05:45,loopback_oqs,measure,ecdsa,X25519MLKEM768,70.518,1,X25519MLKEM768,ecdsa_secp256r1_sha256,0,2380,1468,0,-provider_oqsprovider_-provider_default
loopback_oqs-31,2026-09-25T23:58:42+05:45,loopback_oqs,measure,ecdsa,X25519MLKEM768,68.187,1,X25519MLKEM768,ecdsa_secp256r1_sha256,0,2379,1468,0,-provider_oqsprovider_-provider_default
loopback_oqs-32,2026-09-25T23:58:42+05:45,loopback_oqs,measure,ecdsa,X25519MLKEM768,76.297,1,X25519MLKEM768,ecdsa_secp256r1_sha256,0,2381,1468,0,-provider_oqsprovider_-provider_default
loopback_oqs-33,2026-09-25T23:58:42+05:45,loopback_oqs,measure,ecdsa,X25519MLKEM768,72.230,1,X25519MLKEM768,ecdsa_secp256r1_sha256,0,2379,1468,0,-provider_oqsprovider_-provider_default
loopback_oqs-34,2026-09-25T23:58:42+05:45,loopback_oqs,measure,ecdsa,X25519MLKEM768,80.325,1,X25519MLKEM768,ecdsa_secp256r1_sha256,0,2379,1468,0,-provider_oqsprovider_-provider_default
loopback_oqs-35,2026-09-25T23:58:42+05:45,loopback_oqs,measure,ecdsa,X25519MLKEM768,73.884,1,X25519MLKEM768,ecdsa_secp256r1_sha256,0,2380,1468,0,-provider_oqsprovider_-provider_default
loopback_oqs-36,2026-09-25T23:58:42+05:45,loopback_oqs,measure,ecdsa,X25519MLKEM768,70.393,1,X25519MLKEM768,ecdsa_secp256r1_sha256,0,2380,1468,0,-provider_oqsprovider_-provider_default
loopback_oqs-37,2026-09-25T23:58:43+05:45,loopback_oqs,measure,ecdsa,X25519MLKEM768,68.303,1,X25519MLKEM768,ecdsa_secp256r1_sha256,0,2381,1468,0,-provider_oqsprovider_-provider_default
loopback_oqs-38,2026-09-25T23:58:43+05:45,loopback_oqs,measure,ecdsa,X25519MLKEM768,70.411,1,X25519MLKEM768,ecdsa_secp256r1_sha256,0,2379,1468,0,-provider_oqsprovider_-provider_default
loopback_oqs-39,2026-09-25T23:58:43+05:45,loopback_oqs,measure,ecdsa,X25519MLKEM768,70.200,1,X25519MLKEM768,ecdsa_secp256r1_sha256,0,2381,1468,0,-provider_oqsprovider_-provider_default
loopback_oqs-40,2026-09-25T23:58:43+05:45,loopback_oqs,measure,ecdsa,X25519MLKEM768,72.068,1,X25519MLKEM768,ecdsa_secp256r1_sha256,0,2380,1468,0,-provider_oqsprovider_-provider_default
loopback_oqs-41,2026-09-25T23:58:43+05:45,loopback_oqs,measure,ecdsa,X25519MLKEM768,68.489,1,X25519MLKEM768,ecdsa_secp256r1_sha256,0,2379,1468,0,-provider_oqsprovider_-provider_default
loopback_oqs-42,2026-09-25T23:58:43+05:45,loopback_oqs,measure,ecdsa,X25519MLKEM768,70.154,1,X25519MLKEM768,ecdsa_secp256r1_sha256,0,2378,1468,0,-provider_oqsprovider_-provider_default
loopback_oqs-43,2026-09-25T23:58:43+05:45,loopback_oqs,measure,ecdsa,X25519MLKEM768,70.700,1,X25519MLKEM768,ecdsa_secp256r1_sha256,0,2380,1468,0,-provider_oqsprovider_-provider_default
loopback_oqs-44,2026-09-25T23:58:43+05:45,loopback_oqs,measure,ecdsa,X25519MLKEM768,68.899,1,X25519MLKEM768,ecdsa_secp256r1_sha256,0,2380,1468,0,-provider_oqsprovider_-provider_default
loopback_oqs-45,2026-09-25T23:58:44+05:45,loopback_oqs,measure,ecdsa,X25519MLKEM768,67.729,1,X25519MLKEM768,ecdsa_secp256r1_sha256,0,2380,1468,0,-provider_oqsprovider_-provider_default
loopback_oqs-46,2026-09-25T23:58:44+05:45,loopback_oqs,measure,ecdsa,X25519MLKEM768,68.310,1,X25519MLKEM768,ecdsa_secp256r1_sha256,0,2379,1468,0,-provider_oqsprovider_-provider_default
loopback_oqs-47,2026-09-25T23:58:44+05:45,loopback_oqs,measure,ecdsa,X25519MLKEM768,69.384,1,X25519MLKEM768,ecdsa_secp256r1_sha256,0,2379,1468,0,-provider_oqsprovider_-provider_default
loopback_oqs-48,2026-09-25T23:58:44+05:45,loopback_oqs,measure,ecdsa,X25519MLKEM768,68.605,1,X25519MLKEM768,ecdsa_secp256r1_sha256,0,2379,1468,0,-provider_oqsprovider_-provider_default
loopback_oqs-49,2026-09-25T23:58:44+05:45,loopback_oqs,measure,ecdsa,X25519MLKEM768,68.893,1,X25519MLKEM768,ecdsa_secp256r1_sha256,0,2379,1468,0,-provider_oqsprovider_-provider_default
loopback_oqs-50,2026-09-25T23:58:44+05:45,loopback_oqs,measure,ecdsa,X25519MLKEM768,69.081,1,X25519MLKEM768,ecdsa_secp256r1_sha256,0,2380,1468,0,-provider_oqsprovider_-provider_default
