native,19365
oqs,8689
native,8802
oqs,8599
native,8762
oqs,10674
native,8710
oqs,8251
native,7605
oqs,7464
native,7520
oqs,7317
native,7483
oqs,7423
native,7297
oqs,7857
native,7414
oqs,7873
native,7371
oqs,7730
native,7758
oqs,7460
native,7315
oqs,7479
native,7671
oqs,7460
native,7493
oqs,7324
native,7477
oqs,7353
native,7430
oqs,7459
native,6452
oqs,6769
native,6463
oqs,6456
native,6528
oqs,6448
native,6659
oqs,6516
native,6412
oqs,6520
native,7084
oqs,6825
native,6477
oqs,6515
native,6595
oqs,6493
native,6625
oqs,6520
native,6507
oqs,6585
native,6415
oqs,6671
native,6546
oqs,6606
native,6751
oqs,6447
native,6638
oqs,6498
native,7496
oqs,6780
native,6670
oqs,6715
native,7421
oqs,7263
native,7138
oqs,7046
native,7359
oqs,7103
native,7476
oqs,7204
native,7204
oqs,7439
native,6886
oqs,6219
native,6233
oqs,6912
native,6735
oqs,6690
native,6783
oqs,6588
native,6838
oqs,6684
native,6659
oqs,7642
native,7208
oqs,7281
native,7289
oqs,7707
native,7128
oqs,7168
native,7117
oqs,11228
native,8412
oqs,7810
native,7502
oqs,8551
native,8299
oqs,8135
native,7701
oqs,7904
native,8093
oqs,11645
native,11752
oqs,36854
native,27571
oqs,40730
native,17814
oqs,9268
native,16725
oqs,8420
native,8089
oqs,8207
native,7925
oqs,8041
native,7871
oqs,7974
native,8367
oqs,8035
native,8434
oqs,9374
native,8468
oqs,8210
native,7462
oqs,8083
native,7441
oqs,8100
native,7360
oqs,7775
native,7831
oqs,8005
native,7989
oqs,7694
native,8598
oqs,7990
native,7534
oqs,7582
native,7599
oqs,7360
native,7324
oqs,7267
native,7323
oqs,7275
native,7686
oqs,7126
native,7251
oqs,7110
native,7149
oqs,7006
native,6156
oqs,6770
native,6435
oqs,6369
native,6841
oqs,7124
native,7063
oqs,6964
native,7094
oqs,7035
native,6890
oqs,6979
native,6610
oqs,6668
native,6685
oqs,6737
native,6745
oqs,6637
native,6803
oqs,6714
native,7093
oqs,6844
native,6722
oqs,6942
native,6792
oqs,7168
native,6643
oqs,6680
native,6562
oqs,6459
native,6651
oqs,6600
native,6374
oqs,6632
native,6416
oqs,6388
native,6401
oqs,6398
native,6491
oqs,6316
native,6445
oqs,8040
native,14505
oqs,9184
native,9049
oqs,8596
native,8750
oqs,9244
native,8664
oqs,8883
native,8749
oqs,8829
native,8753
oqs,8805
native,8801
oqs,8714
native,8742
oqs,8812
native,8939
oqs,8736
native,8619
oqs,8621
native,8984
oqs,8553
native,8771
oqs,8788
native,9054
oqs,8602
native,8888
oqs,8430
native,8813
oqs,7350
native,9050
oqs,8073
native,7739
oqs,7776
native,7877
oqs,7931
native,7751
oqs,7682
native,7834
oqs,7775
native,7929
oqs,7937
native,7812
oqs,6985
native,6404
oqs,7164
native,6852
oqs,7105
native,6674
oqs,6899
native,6771
oqs,6795
native,6959
oqs,6953
native,6954
oqs,6751
native,7184
oqs,9523
native,9107
oqs,8321
native,8831
oqs,10225
native,9545
oqs,10126
native,10443
oqs,8792
native,8034
oqs,9324
native,8461
oqs,8201
native,11305
oqs,8672
native,8170
oqs,8775
native,8681
oqs,8266
native,8818
oqs,8454
native,8290
oqs,8805
native,8794
oqs,8346
native,8931
oqs,8146
native,8395
oqs,7776
native,7954
oqs,8636
native,8084
oqs,8850
native,8872
oqs,8197
native,8359
oqs,8000
native,8541
oqs,7285
native,7041
oqs,6974
native,7022
oqs,6938
native,8299
oqs,7904
native,8155
oqs,8009
native,8864
oqs,9084
native,9362
oqs,9067
native,9254
oqs,8955
native,8767
oqs,8751
native,8067
oqs,7652
native,7656
oqs,7052
native,8274
oqs,9876
native,9960
oqs,10369
native,10263
oqs,10430
native,9760
oqs,10410
native,10281
oqs,10451
native,9687
oqs,9717
native,9419
oqs,9828
native,9726
oqs,8117
native,7907
oqs,8217
native,8350
oqs,8214
native,7379
oqs,6439
native,6385
oqs,6673
native,6618
oqs,8089
native,7930
oqs,7623
native,7917
oqs,7671
native,7732
oqs,7670
native,7826
oqs,8041
native,7740
oqs,7638
native,7689
oqs,7792
native,7728
oqs,7831
native,7871
oqs,7775
native,7811
oqs,7715
native,7913
oqs,7567
native,7857
oqs,7741
native,7672
oqs,7894
native,7898
oqs,8413
native,8072
oqs,8196
native,8584
oqs,8099
native,8541
oqs,7948
native,8163
oqs,7885
native,8079
oqs,8268
native,7763
oqs,7980
native,8371
oqs,8043
native,8067
oqs,8007
native,7916
oqs,8319
native,8806
oqs,8142
native,8019
oqs,9691
native,7990
oqs,7846
native,7731
oqs,7107
native,6810
oqs,6834
native,6749
oqs,6762
native,6969
oqs,6773
native,6712
oqs,7026
native,9220
oqs,8021
native,8163
oqs,8314
native,6647
oqs,6513
