profile,family,comparison,median_diff,ci_low,ci_high
loopback,kx:ecdsa,X vs. P,0.07750000000000057,-0.28151250000000116,0.44552500000000217
loopback,kx:ecdsa,X vs. H,-0.367999999999995,-0.9009999999999964,0.11251250000000396
loopback,kx:ecdsa,X vs. H2,-0.6709999999999994,-1.0054999999999978,-0.13250000000000028
loopback,kx:ecdsa,P vs. H,-0.44549999999999557,-0.8950124999999995,-0.030462500000000517
loopback,kx:ecdsa,P vs. H2,-0.7484999999999999,-1.0070500000000016,-0.2859750000000016
loopback,kx:ecdsa,H vs. H2,-0.3030000000000044,-0.6969999999999993,0.31651249999999764
loopback,kx:mldsa,X vs. P,0.02949999999999875,-0.5530000000000008,0.5830500000000012
loopback,kx:mldsa,X vs. H,-0.5010000000000012,-0.9320125000000021,-0.05641249999999752
loopback,kx:mldsa,X vs. H2,-0.29050000000000153,-0.9271249999999995,0.3710624999999978
loopback,kx:mldsa,P vs. H,-0.5305,-1.059050000000001,0.019037499999997806
loopback,kx:mldsa,P vs. H2,-0.3200000000000003,-0.9780500000000015,0.42002500000000126
loopback,kx:mldsa,H vs. H2,0.2104999999999997,-0.3915875000000006,0.8770000000000024
loopback,auth,X25519,1.6169999999999973,1.1384875000000005,2.0460624999999983
loopback,auth,P-256,1.6649999999999991,1.1889875,2.2020249999999977
loopback,auth,X25519MLKEM768,1.7500000000000036,1.2285000000000004,2.1970125000000027
loopback,auth,SecP256r1MLKEM768,1.2364999999999995,0.6354625000000004,1.9370000000000012
50ms_0.5pct,kx:ecdsa,X vs. P,9.903999999999996,-14.73082500000003,29.373524999999972
50ms_0.5pct,kx:ecdsa,X vs. H,-2.3465000000000202,-30.059787500000038,20.628687500000026
50ms_0.5pct,kx:ecdsa,X vs. H2,1.9034999999999798,-30.73950000000002,30.74796249999995
50ms_0.5pct,kx:ecdsa,P vs. H,-12.250500000000017,-31.559999999999974,4.94467499999994
50ms_0.5pct,kx:ecdsa,P vs. H2,-8.000500000000017,-32.550312500000004,18.309000000000026
50ms_0.5pct,kx:ecdsa,H vs. H2,4.25,-22.497324999999996,32.519000000000005
50ms_0.5pct,kx:mldsa,X vs. P,12.891999999999996,-13.150712499999967,34.64734999999988
50ms_0.5pct,kx:mldsa,X vs. H,0.0504999999999427,-23.980550000000004,21.594474999999996
50ms_0.5pct,kx:mldsa,X vs. H2,-4.6200000000000045,-33.30972499999996,18.313999999999965
50ms_0.5pct,kx:mldsa,P vs. H,-12.841500000000053,-33.17101249999998,8.372650000000009
50ms_0.5pct,kx:mldsa,P vs. H2,-17.512,-43.65147500000002,5.4611500000000115
50ms_0.5pct,kx:mldsa,H vs. H2,-4.670499999999947,-30.548074999999994,18.708649999999935
50ms_0.5pct,auth,X25519,70.88199999999998,42.33196249999998,96.2517125
50ms_0.5pct,auth,P-256,67.89399999999998,48.12862499999999,86.34580000000001
50ms_0.5pct,auth,X25519MLKEM768,68.48500000000001,45.50832500000001,86.59000000000003
50ms_0.5pct,auth,SecP256r1MLKEM768,77.40549999999996,46.03255,107.43599999999998
50ms_1pct,kx:ecdsa,X vs. P,5.494500000000016,-20.995062500000003,26.708550000000013
50ms_1pct,kx:ecdsa,X vs. H,19.224500000000006,-19.72357500000001,40.783000000000015
50ms_1pct,kx:ecdsa,X vs. H2,28.7765,-2.4729874999999804,46.375999999999976
50ms_1pct,kx:ecdsa,P vs. H,13.72999999999999,-27.300700000000003,40.15637499999996
50ms_1pct,kx:ecdsa,P vs. H2,23.281999999999982,-9.264499999999998,48.90899999999999
50ms_1pct,kx:ecdsa,H vs. H2,9.551999999999992,-21.448649999999997,50.528212500000016
50ms_1pct,kx:mldsa,X vs. P,-20.686499999999967,-49.924825000000034,8.852887499999934
50ms_1pct,kx:mldsa,X vs. H,-8.968499999999949,-33.470175000000005,12.302200000000019
50ms_1pct,kx:mldsa,X vs. H2,-8.961999999999989,-31.243724999999984,15.569724999999929
50ms_1pct,kx:mldsa,P vs. H,11.718000000000018,-20.51251249999999,38.08219999999999
50ms_1pct,kx:mldsa,P vs. H2,11.724499999999978,-18.23804999999997,42.464612500000044
50ms_1pct,kx:mldsa,H vs. H2,0.006499999999959982,-21.505187499999998,28.01017499999995
50ms_1pct,auth,X25519,45.68150000000003,25.597762500000034,67.46331249999994
50ms_1pct,auth,P-256,71.86250000000001,37.93900000000002,100.62107499999992
50ms_1pct,auth,X25519MLKEM768,73.87449999999998,34.434650000000005,99.04852499999998
50ms_1pct,auth,SecP256r1MLKEM768,83.42000000000002,48.18707500000004,103.92555
150ms_0.5pct,kx:ecdsa,X vs. P,14.403499999999894,1.1059999999999945,31.518724999999904
150ms_0.5pct,kx:ecdsa,X vs. H,8.552999999999997,-15.703587499999985,26.018612500000135
150ms_0.5pct,kx:ecdsa,X vs. H2,5.58299999999997,-13.266299999999987,23.282337499999933
150ms_0.5pct,kx:ecdsa,P vs. H,-5.850499999999897,-29.23701249999998,8.143500000000017
150ms_0.5pct,kx:ecdsa,P vs. H2,-8.820499999999925,-27.209137499999958,2.3804999999999907
150ms_0.5pct,kx:ecdsa,H vs. H2,-2.9700000000000273,-21.103024999999953,19.266512499999955
150ms_0.5pct,kx:mldsa,X vs. P,-16.928999999999974,-44.74300000000005,12.258000000000038
150ms_0.5pct,kx:mldsa,X vs. H,-11.905499999999961,-38.78800000000012,19.618499999999926
150ms_0.5pct,kx:mldsa,X vs. H2,-9.662499999999909,-37.361999999999966,13.493987499999927
150ms_0.5pct,kx:mldsa,P vs. H,5.023500000000013,-20.99850000000015,35.49776249999995
150ms_0.5pct,kx:mldsa,P vs. H2,7.266500000000065,-20.874887500000046,28.122937499999946
150ms_0.5pct,kx:mldsa,H vs. H2,2.243000000000052,-27.74276250000006,22.384500000000003
150ms_0.5pct,auth,X25519,158.34400000000005,131.67898749999995,180.50150000000008
150ms_0.5pct,auth,P-256,189.67649999999992,166.45293749999993,208.83107500000003
150ms_0.5pct,auth,X25519MLKEM768,178.8025,145.16750000000002,197.2690374999999
150ms_0.5pct,auth,SecP256r1MLKEM768,173.58949999999993,152.735,190.9843999999999
150ms_1pct,kx:ecdsa,X vs. P,3.6809999999999263,-15.278275000000018,23.10016250000003
150ms_1pct,kx:ecdsa,X vs. H,-7.138500000000022,-25.00365000000003,14.208500000000072
150ms_1pct,kx:ecdsa,X vs. H2,-9.677000000000021,-31.130187500000005,8.28221250000004
150ms_1pct,kx:ecdsa,P vs. H,-10.819499999999948,-27.81948749999996,9.387250000000051
150ms_1pct,kx:ecdsa,P vs. H2,-13.357999999999947,-33.141025,3.449999999999932
150ms_1pct,kx:ecdsa,H vs. H2,-2.538499999999999,-24.94206250000003,12.729750000000026
150ms_1pct,kx:mldsa,X vs. P,-6.009999999999991,-35.641224999999984,25.173774999999992
150ms_1pct,kx:mldsa,X vs. H,-23.298999999999978,-53.44362500000002,3.4185375000000207
150ms_1pct,kx:mldsa,X vs. H2,9.06750000000011,-23.32133749999984,32.92917499999997
150ms_1pct,kx:mldsa,P vs. H,-17.288999999999987,-49.17743750000005,10.40233749999993
150ms_1pct,kx:mldsa,P vs. H2,15.0775000000001,-17.473987500000113,38.32650000000001
150ms_1pct,kx:mldsa,H vs. H2,32.36650000000009,4.070612500000138,57.81764999999999
150ms_1pct,auth,X25519,178.92150000000004,152.88203750000005,204.67399999999998
150ms_1pct,auth,P-256,188.61249999999995,162.90172500000003,212.77104999999986
150ms_1pct,auth,X25519MLKEM768,195.082,174.49146249999995,222.31944999999996
150ms_1pct,auth,SecP256r1MLKEM768,160.1769999999999,140.33587500000002,185.9376374999999
