family,comparison,diff,ci_low,ci_high,p,p_tost,p_holm
kx:ecdsa,X vs. P,-0.06440500000000071,-0.4059575342787716,0.2771475342787702,0.7103697963892582,1.6489600386024839e-71,1.0
kx:ecdsa,X vs. H,-0.5074300000000029,-0.8553803861589216,-0.15947961384108422,0.004472662587798597,2.460149909951998e-64,0.02683597552679158
kx:ecdsa,X vs. H2,-0.4740000000000002,-0.8441787737150654,-0.10382122628493501,0.012350909064945586,4.134015386041335e-61,0.04940363625978234
kx:ecdsa,P vs. H,-0.4430250000000022,-0.7648979558436966,-0.12115204415630781,0.007228651811138996,8.164718787938111e-71,0.03614325905569498
kx:ecdsa,P vs. H2,-0.4095949999999995,-0.7554591637792836,-0.06373083622071535,0.02053123187434814,1.2686823931489951e-65,0.06159369562304442
kx:ecdsa,H vs. H2,0.033430000000002735,-0.31874997401892635,0.3856099740189318,0.8516916092227385,4.739503514303156e-70,1.0
kx:mldsa,X vs. P,-0.6062049999999992,-1.1519525638643628,-0.0604574361356357,0.029658441202516324,2.1289974901602573e-37,0.1482922060125816
kx:mldsa,X vs. H,-0.4998199999999997,-0.9925426953752219,-0.007097304624777534,0.04682142996247291,1.337415877519584e-43,0.18728571984989165
kx:mldsa,X vs. H2,-0.5955699999999986,-1.0890974716841662,-0.10204252831583094,0.018278470461730124,2.1195356648656035e-42,0.10967082277038075
kx:mldsa,P vs. H,0.10638499999999951,-0.4076208242308911,0.6203908242308901,0.6835413684947971,1.8899169382345695e-45,1.0
kx:mldsa,P vs. H2,0.010635000000000616,-0.5041407730712615,0.5254107730712627,0.9675368782826008,1.9294881519450833e-46,1.0
kx:mldsa,H vs. H2,-0.09574999999999889,-0.5537384668109875,0.36223846681098976,0.6805783100729316,6.708161807528148e-53,1.0
auth,X25519,1.6531800000000025,1.1997677017316577,2.1065922982683474,1.7055538165003778e-11,2.1652376828920006e-32,1.7055538165003778e-11
auth,P-256,2.194980000000001,1.7368510963519825,2.6531089036480195,4.63650459267133e-17,1.9270670113875288e-24,1.854601837068532e-16
auth,X25519MLKEM768,1.6455699999999993,1.2472118024093353,2.043928197590663,5.948676253061921e-14,1.8034081340839806e-38,1.1897352506123841e-13
auth,SecP256r1MLKEM768,1.774750000000001,1.3559962142617832,2.1935037857382187,1.3045948453146866e-14,5.857507820846459e-35,3.91378453594406e-14
