profile,auth,group,n,over_1s,share_over_1s
loopback,mldsa,X25519MLKEM768,100,0,0.0
loopback,mldsa,P-256,100,0,0.0
loopback,mldsa,SecP256r1MLKEM768,100,0,0.0
loopback,ecdsa,X25519MLKEM768,100,0,0.0
loopback,ecdsa,SecP256r1MLKEM768,100,0,0.0
loopback,ecdsa,X25519,100,0,0.0
loopback,ecdsa,P-256,100,0,0.0
loopback,mldsa,X25519,100,0,0.0
50ms_0.5pct,mldsa,X25519MLKEM768,100,2,0.02
50ms_0.5pct,ecdsa,X25519,100,1,0.01
50ms_0.5pct,ecdsa,P-256,100,1,0.01
50ms_0.5pct,mldsa,P-256,100,3,0.03
50ms_0.5pct,mldsa,X25519,100,0,0.0
50ms_0.5pct,ecdsa,SecP256r1MLKEM768,100,2,0.02
50ms_0.5pct,mldsa,SecP256r1MLKEM768,100,2,0.02
50ms_0.5pct,ecdsa,X25519MLKEM768,100,3,0.03
50ms_1pct,mldsa,SecP256r1MLKEM768,100,3,0.03
50ms_1pct,mldsa,P-256,100,2,0.02
50ms_1pct,mldsa,X25519,100,3,0.03
50ms_1pct,ecdsa,SecP256r1MLKEM768,100,4,0.04
50ms_1pct,ecdsa,X25519MLKEM768,100,1,0.01
50ms_1pct,ecdsa,P-256,100,4,0.04
50ms_1pct,ecdsa,X25519,100,2,0.02
50ms_1pct,mldsa,X25519MLKEM768,100,2,0.02
150ms_0.5pct,mldsa,SecP256r1MLKEM768,100,2,0.02
150ms_0.5pct,ecdsa,SecP256r1MLKEM768,100,1,0.01
150ms_0.5pct,mldsa,X25519MLKEM768,100,9,0.09
150ms_0.5pct,ecdsa,X25519,100,4,0.04
150ms_0.5pct,mldsa,P-256,100,6,0.06
150ms_0.5pct,mldsa,X25519,100,7,0.07
150ms_0.5pct,ecdsa,X25519MLKEM768,100,2,0.02
150ms_0.5pct,ecdsa,P-256,100,3,0.03
150ms_1pct,ecdsa,X25519,100,5,0.05
150ms_1pct,mldsa,P-256,100,16,0.16
150ms_1pct,ecdsa,P-256,100,5,0.05
150ms_1pct,mldsa,X25519MLKEM768,100,10,0.1
150ms_1pct,mldsa,X25519,100,12,0.12
150ms_1pct,ecdsa,SecP256r1MLKEM768,100,10,0.1
150ms_1pct,mldsa,SecP256r1MLKEM768,100,14,0.14
150ms_1pct,ecdsa,X25519MLKEM768,100,5,0.05
