profile,group,n_a,n_b,diff,t,df,p_welch,ci_low,ci_high,U,p_mw,cohen_d,effect,median_diff,p_tost,bytes_mldsa,bytes_ecdsa,bytes_added,p_welch_bonf,p_welch_holm,p_mw_holm,significant_holm,equivalent
loopback,X25519,100,100,1.90484,4.040663575187138,191.8958659210047,7.706607797506787e-05,0.9750143429607373,2.8346656570392628,7096.0,3.0533279263575615e-07,0.5714361229016609,medium,1.6169999999999973,2.3623845722908574e-10,15083.0,1596.0,13487.0,0.0003082643119002715,0.00023119823392520362,9.159983779072685e-07,True,True
loopback,P-256,100,100,1.8556100000000022,3.9672331211675274,185.64537124840317,0.0001037684600877972,0.9328526776507531,2.7783673223492515,6967.0,1.54808714006164e-06,0.5610514885050861,medium,1.6649999999999991,1.0659827889996971e-10,15149.0,1662.0,13487.0,0.0004150738403511888,0.00023119823392520362,3.09617428012328e-06,True,True
loopback,X25519MLKEM768,100,100,2.315250000000006,5.9193718851114765,190.71478908781722,1.476470511639178e-08,1.5437515615482116,3.0867484384518002,7693.5,4.702862697986739e-11,0.8371256000654643,large,1.7500000000000036,4.569707683405084e-11,17333.0,3846.0,13487.0,5.905882046556712e-08,5.905882046556712e-08,1.8811450791946955e-10,True,True
loopback,SecP256r1MLKEM768,100,100,1.4254600000000046,3.005235992692039,196.90193679055764,0.0029989126679445485,0.4900497895517405,2.360870210448269,6576.0,0.0001183284944262696,0.4250045498996854,small,1.2364999999999995,8.618808990917806e-13,17413.0,3926.0,13487.0,0.011995650671778194,0.0029989126679445485,0.0001183284944262696,True,True
50ms_0.5pct,X25519,100,100,38.32500999999996,1.993741853366883,154.23205768336013,0.04794334373498164,0.3513388612826134,76.29868113871731,7258.0,3.469000691924374e-08,0.2819576768902317,small,70.88199999999998,0.9575091157111603,15083.0,1596.0,13487.0,0.19177337493992655,0.09588668746996327,6.938001383848748e-08,False,False
50ms_0.5pct,P-256,100,100,100.88477999999998,3.198037918394415,155.6203249633933,0.0016764892672186961,38.571495628549144,163.1980643714508,7755.0,1.6929653629689464e-11,0.45227085971768033,small,67.89399999999998,0.9986098339964037,15149.0,1662.0,13487.0,0.006705957068874785,0.006705957068874785,6.771861451875786e-11,True,False
50ms_0.5pct,X25519MLKEM768,100,100,33.564239999999984,1.0802468983239963,177.54553844596768,0.2814974664112151,-27.751548371637085,94.88002837163705,7069.0,4.323119482402317e-07,0.15276998143212656,negligible,68.48500000000001,0.8204134415843463,17333.0,3846.0,13487.0,1.0,0.2814974664112151,4.323119482402317e-07,False,False
50ms_0.5pct,SecP256r1MLKEM768,100,100,86.11381000000006,3.0144737856409853,190.39024439060745,0.002925005801277837,29.765771312080176,142.46184868791994,7397.0,4.7534393239063955e-09,0.4263109711071648,small,77.40549999999996,0.9974949265910896,17413.0,3926.0,13487.0,0.011700023205111348,0.008775017403833511,1.4260317971719187e-08,True,False
50ms_1pct,X25519,100,100,60.95642000000004,2.2048060075297555,191.73348428067328,0.02865717347205963,6.42496076864991,115.48787923135016,6817.0,9.062337488565938e-06,0.3118066558250257,small,45.68150000000003,0.9778187346643998,15083.0,1596.0,13487.0,0.11462869388823851,0.08597152041617889,9.062337488565938e-06,False,False
50ms_1pct,P-256,100,100,46.586209999999994,1.2702083980687782,149.57709094421332,0.20598271641750307,-25.883832971008303,119.05625297100829,7371.0,6.953104390571595e-09,0.1796345943589069,negligible,71.86250000000001,0.8706704663481932,15149.0,1662.0,13487.0,0.8239308656700123,0.20598271641750307,2.0859313171714786e-08,False,False
50ms_1pct,X25519MLKEM768,100,100,73.36382000000003,2.7446472844815246,196.27137362862496,0.0066196672433412995,20.64937042560421,126.07826957439585,7254.0,3.6671013789415925e-08,0.3881517413644259,small,73.87449999999998,0.9943524899176595,17333.0,3846.0,13487.0,0.026478668973365198,0.026478668973365198,7.334202757883185e-08,True,False
50ms_1pct,SecP256r1MLKEM768,100,100,60.50366000000008,1.819663568968314,197.89837171660798,0.07032127161327323,-5.065961659396464,126.07328165939663,7452.0,2.098825144773222e-09,0.2573392898191219,small,83.42000000000002,0.9516792066096877,17413.0,3926.0,13487.0,0.2812850864530929,0.14064254322654646,8.395300579092888e-09,False,False
150ms_0.5pct,X25519,100,100,142.4781099999999,6.015434512941876,197.3431718822419,8.567280399424453e-09,95.76908622546185,189.18713377453795,8459.0,2.9015615574522265e-17,0.8507109071769594,large,158.34400000000005,0.9999999872783568,15083.0,1596.0,13487.0,3.426912159769781e-08,8.567280399424453e-09,2.9015615574522265e-17,True,False
150ms_0.5pct,P-256,100,100,185.49280999999996,7.466344742759234,177.15764119969754,3.593930049399235e-12,136.46481944043848,234.52080055956145,8849.0,5.2836779132071405e-21,1.0559005996563167,large,189.67649999999992,0.9999999999942975,15149.0,1662.0,13487.0,1.437572019759694e-11,7.18786009879847e-12,1.0567355826414281e-20,True,False
150ms_0.5pct,X25519MLKEM768,100,100,204.65476999999987,7.862057946488329,175.63816067620817,3.6673646218257937e-13,153.2815812792502,256.02795872074955,9499.0,4.194941617003109e-28,1.111862897608696,large,178.8025,0.9999999999994335,17333.0,3846.0,13487.0,1.4669458487303175e-12,1.100209386547738e-12,1.6779766468012438e-27,True,False
150ms_0.5pct,SecP256r1MLKEM768,100,100,160.65920999999992,10.734749151132611,193.64800899668768,2.1591294781706542e-21,131.1413745707976,190.17704542920222,8981.0,2.338065984521805e-22,1.5181227838204807,large,173.58949999999993,1.0,17413.0,3926.0,13487.0,8.636517912682617e-21,8.636517912682617e-21,7.014197953565415e-22,True,False
150ms_1pct,X25519,100,100,195.0200000000001,6.650554757802861,195.16042510292553,2.863133181177897e-10,137.1876425677076,252.8523574322926,9038.0,5.89271142901495e-23,0.940530473578972,large,178.92150000000004,0.9999999996345794,15083.0,1596.0,13487.0,1.145253272471159e-09,1.145253272471159e-09,2.1382526338473796e-22,True,False
150ms_1pct,P-256,100,100,232.86044000000015,6.290327083025517,185.67172457838655,2.215539055859612e-09,159.82887658275274,305.89200341724757,9042.0,5.345631584618449e-23,0.8895865872577479,large,188.61249999999995,0.9999999977413724,15149.0,1662.0,13487.0,8.862156223438448e-09,6.646617167578836e-09,2.1382526338473796e-22,True,False
150ms_1pct,X25519MLKEM768,100,100,183.6336299999998,6.094319558350284,186.00003532277339,6.193604554655254e-09,124.18934876766761,243.077911232332,8995.0,1.6696263868354531e-22,0.8618669372854583,large,195.082,0.999999992703758,17333.0,3846.0,13487.0,2.4774418218621015e-08,1.2387209109310508e-08,3.3392527736709062e-22,True,False
150ms_1pct,SecP256r1MLKEM768,100,100,175.9068299999999,4.642356845543541,195.38516961468883,6.309795081852557e-06,101.17756986739717,250.63609013260265,8376.0,1.6152725112073334e-16,0.6565284012343257,medium,160.1769999999999,0.9999944257361137,17413.0,3926.0,13487.0,2.5239180327410227e-05,6.309795081852557e-06,1.6152725112073334e-16,True,False
