profile,auth,group,n_ok,n_fail,mean,median,p95,sd,min,max,iqr,skew,lag1,bytes_median,bytes_read,retrans_per100
loopback,ecdsa,X25519,100,0,16.89451,17.246000000000002,21.752699999999997,3.0215763913540026,10.073,27.278,1.6697500000000005,-0.030108671532473857,0.7951473596503651,1596.0,1306.0,0.0
loopback,ecdsa,P-256,100,0,16.886739999999996,17.1685,21.2524,2.849010792779441,10.288,27.125,1.7724999999999973,0.3036691534176752,0.8415579806786366,1662.0,1339.0,0.0
loopback,ecdsa,X25519MLKEM768,100,0,17.066999999999997,17.613999999999997,20.9403,2.4807592231476887,10.568,22.653,2.22025,-0.603803844515814,0.8194997227177208,3846.0,2380.0,0.0
loopback,ecdsa,SecP256r1MLKEM768,100,0,17.3065,17.917,21.610999999999997,3.22632461090782,11.278,31.243,2.522999999999996,0.6604418936141069,0.8503778664405565,3926.0,2427.0,0.0
loopback,mldsa,X25519,100,0,18.79935,18.863,24.852700000000002,3.618498752203318,11.101,28.27,2.881999999999998,-0.07645112129892835,0.7774036938062668,15083.0,14793.0,0.0
loopback,mldsa,P-256,100,0,18.74235,18.8335,25.071349999999995,3.709535186584035,11.681,30.479,5.093750000000002,0.48189240906607733,0.7040405924090298,15149.0,14826.0,0.0
loopback,mldsa,X25519MLKEM768,100,0,19.382250000000003,19.364,24.1881,3.0239347949219066,11.446,28.137,2.520500000000002,-0.12101766150326,0.6785023602507477,17333.0,15867.0,0.0
loopback,mldsa,SecP256r1MLKEM768,100,0,18.731960000000004,19.1535,25.082199999999997,3.476966415271981,11.697,26.913,3.6340000000000003,0.0858554166464234,0.7635071483502867,17413.0,15914.0,0.0
50ms_0.5pct,ecdsa,X25519,100,0,296.42429,244.196,580.6338999999998,168.2783826660841,171.032,1318.087,99.4675,3.3200603028285203,0.08493519788241585,1596.0,1306.0,2.0
50ms_0.5pct,ecdsa,P-256,100,0,280.19302999999996,234.292,538.3389499999998,154.24430718322617,176.734,1266.546,85.25175000000002,3.926849183684295,0.01226459783943452,1662.0,1339.0,4.0
50ms_0.5pct,ecdsa,X25519MLKEM768,100,0,323.50848999999994,246.54250000000002,648.0826999999999,254.271332540674,182.101,2101.63,108.81424999999996,4.694522144659524,0.03231437164672588,3846.0,2380.0,3.0
50ms_0.5pct,ecdsa,SecP256r1MLKEM768,100,0,296.66859,242.29250000000002,496.45414999999997,180.6808632864624,175.812,1425.03,122.86099999999999,4.14382948702451,0.037689498914355246,3926.0,2427.0,5.0
50ms_0.5pct,mldsa,X25519,100,0,334.74929999999995,315.078,511.72044999999986,92.91624706713247,221.674,757.266,87.61775,1.7258437170662722,0.027953165097460094,15083.0,14793.0,5.0
50ms_0.5pct,mldsa,P-256,100,0,381.07780999999994,302.186,757.7269999999999,275.17752669190963,224.85,2338.487,109.60524999999996,4.75942731011745,-0.0507671802905678,15149.0,14826.0,5.0
50ms_0.5pct,mldsa,X25519MLKEM768,100,0,357.0727299999999,315.02750000000003,557.9704999999999,178.56694218106574,223.098,1528.01,110.58299999999997,4.355682967099369,-0.0705106321175539,17333.0,15867.0,5.0
50ms_0.5pct,mldsa,SecP256r1MLKEM768,100,0,382.78240000000005,319.698,659.7534999999995,221.27023894096084,227.512,1769.046,121.08775000000003,3.991121202470271,-0.027398215043038406,17413.0,15914.0,6.0
50ms_1pct,ecdsa,X25519,100,0,308.20537,265.961,617.4399999999998,176.94277443096217,175.954,1450.888,90.40924999999999,3.948544953696624,-0.09341403982640507,1596.0,1306.0,10.0
50ms_1pct,ecdsa,P-256,100,0,338.08092,260.4665,616.1967999999996,324.84438336758774,170.845,2909.233,91.50449999999998,5.743085109083255,-0.09930466924606789,1662.0,1339.0,8.0
50ms_1pct,ecdsa,X25519MLKEM768,100,0,306.58300999999994,246.7365,653.1365999999997,179.92067694658968,176.734,1335.848,101.4,3.1996831007863102,0.06704977502371397,3846.0,2380.0,5.0
50ms_1pct,ecdsa,SecP256r1MLKEM768,100,0,316.26188999999994,237.1845,657.63605,232.4331569770133,173.403,1492.257,94.49149999999997,3.5068753447266303,-0.021122401905010975,3926.0,2427.0,7.000000000000001
50ms_1pct,mldsa,X25519,100,0,369.16179000000005,311.64250000000004,702.5764999999998,212.43184182489463,222.959,1443.836,101.072,3.505059626324119,0.04619137251135828,15083.0,14793.0,10.0
50ms_1pct,mldsa,P-256,100,0,384.66713,332.329,704.2694499999999,170.26242806799507,218.794,1324.924,135.49800000000005,2.7858855503130635,0.06868346070252088,15149.0,14826.0,5.0
50ms_1pct,mldsa,X25519MLKEM768,100,0,379.94683,320.611,643.5905499999999,197.6781920412264,221.582,1516.011,145.72575,3.5006113617257033,0.12210829501487828,17333.0,15867.0,11.0
50ms_1pct,mldsa,SecP256r1MLKEM768,100,0,376.76555,320.60450000000003,608.8205499999999,237.7614686080443,225.632,1996.218,108.23025000000001,4.709537407404586,-0.04776314803100416,17413.0,15914.0,7.000000000000001
150ms_0.5pct,ecdsa,X25519,100,0,621.6842700000001,565.914,957.18795,162.5783109918004,470.11,1559.41,95.73349999999994,2.893587592086751,0.17602268220088024,1596.0,1306.0,6.0
150ms_0.5pct,ecdsa,P-256,100,0,599.56131,551.5105000000001,872.6216,142.39242726428978,475.024,1320.841,65.03949999999998,2.818302395076183,0.07217573060117123,1662.0,1339.0,2.0
150ms_0.5pct,ecdsa,X25519MLKEM768,100,0,587.9699,557.361,679.1623999999998,147.61763702189958,472.893,1531.4,72.89224999999999,5.00472629785196,-0.017078719188632997,3846.0,2380.0,3.0
150ms_0.5pct,ecdsa,SecP256r1MLKEM768,100,0,597.41115,560.331,865.35515,113.48307685889166,482.334,1099.923,73.63374999999996,2.238109546983033,-0.025833772607562207,3926.0,2427.0,3.0
150ms_0.5pct,mldsa,X25519,100,0,764.16238,724.258,1066.5073,172.24464665641582,620.017,1761.538,119.78999999999996,3.3808811377790855,0.23284000303560287,15083.0,14793.0,3.0
150ms_0.5pct,mldsa,P-256,100,0,785.05412,741.187,1009.8661499999998,203.583215523963,636.115,1962.002,94.11475000000007,4.282383873116509,-0.040813965620111345,15149.0,14826.0,3.0
150ms_0.5pct,mldsa,X25519MLKEM768,100,0,792.6246699999999,736.1635,1166.1352999999997,214.40312517962275,632.198,1961.802,111.72375,3.542241205830654,-0.03390009325665023,17333.0,15867.0,3.0
150ms_0.5pct,mldsa,SecP256r1MLKEM768,100,0,758.0703599999999,733.9205,951.2879499999999,97.57320637952931,633.865,1299.561,90.81350000000009,2.312373379950925,0.01292742391754498,17413.0,15914.0,2.0
150ms_1pct,ecdsa,X25519,100,0,621.91394,566.486,966.6800999999996,194.44365974218792,489.276,1653.099,84.09199999999987,3.518479613757971,-0.07929636390799416,1596.0,1306.0,5.0
150ms_1pct,ecdsa,P-256,100,0,627.89148,562.8050000000001,997.8765999999997,225.52956940536933,473.182,2016.637,88.10125000000005,4.126796010288594,0.08310865003983134,1662.0,1339.0,7.000000000000001
150ms_1pct,ecdsa,X25519MLKEM768,100,0,635.14144,573.6245,957.5785499999996,238.5946722942878,478.509,1978.575,78.28750000000002,4.018121872272494,0.0453279068364949,3846.0,2380.0,6.0
150ms_1pct,ecdsa,SecP256r1MLKEM768,100,0,667.7675200000001,576.163,1136.6274499999997,251.96066794883245,488.833,1909.61,92.15875000000005,2.9365433052478807,0.02960667920359432,3926.0,2427.0,14.000000000000002
150ms_1pct,mldsa,X25519,100,0,816.9339400000001,745.4075,1268.66535,219.50078721893857,645.797,2061.093,133.36175000000003,3.2299035921205332,-0.09893750840797769,15083.0,14793.0,10.0
150ms_1pct,mldsa,P-256,100,0,860.7519200000002,751.4175,1695.0208499999999,293.5569153812857,631.642,2001.516,147.28125,2.3868636946763395,0.14325835178104399,15149.0,14826.0,9.0
150ms_1pct,mldsa,X25519MLKEM768,100,0,818.7750699999998,768.7065,1212.62575,184.0269609491141,634.941,1699.957,162.2817500000001,2.636760165333137,-0.05269190793669803,17333.0,15867.0,7.000000000000001
150ms_1pct,mldsa,SecP256r1MLKEM768,100,0,843.67435,736.3399999999999,1303.9359999999988,283.00879011920256,628.384,2183.256,203.38475000000005,2.9458942520685714,0.09305995712991241,17413.0,15914.0,9.0
