profile,auth,comparison,n_a,n_b,diff,t,df,p_welch,ci_low,ci_high,U,p_mw,cohen_d,effect,median_diff,p_tost,p_welch_bonf,p_welch_holm,p_mw_holm,significant_holm,equivalent
loopback,ecdsa,X vs. P,100,100,0.0077700000000042735,0.01870970442651338,197.3191922530293,0.9850915915960652,-0.8112114519171353,0.8267514519171438,5175.0,0.6698368006298621,0.002645951774796715,negligible,0.07750000000000057,1.2399563050714152e-25,1.0,1.0,1.0,False,True
loopback,ecdsa,X vs. H,100,100,-0.17248999999999626,-0.44120875941415644,190.76859333073037,0.6595615110423247,-0.9436274552948778,0.5986474552948853,4416.5,0.15430271375762908,-0.062396341140130804,negligible,-0.367999999999995,2.0001242432248473e-26,1.0,1.0,0.46290814127288726,False,True
loopback,ecdsa,X vs. H2,100,100,-0.4119899999999994,-0.9320398029752791,197.15490162952136,0.35245590685737593,-1.2837048057613145,0.4597248057613157,4185.0,0.04657515942181985,-0.13181033300391873,negligible,-0.6709999999999994,1.0260730653802977e-20,1.0,1.0,0.23287579710909923,False,True
loopback,ecdsa,P vs. H,100,100,-0.18026000000000053,-0.47716845482007236,194.32444420576388,0.6337783765180491,-0.9253159989550633,0.5647959989550623,4225.0,0.05843679777521203,-0.06748181003431598,negligible,-0.44549999999999557,8.864198417777241e-28,1.0,1.0,0.23374719110084813,False,True
loopback,ecdsa,P vs. H2,100,100,-0.4197600000000037,-0.975236247255691,195.01429076907573,0.3306512504886908,-1.2686332818091142,0.4291132818091068,4024.5,0.01720455499278133,-0.13791923273868395,negligible,-0.7484999999999999,1.9084652200353084e-21,1.0,1.0,0.10322732995668799,False,True
loopback,ecdsa,H vs. H2,100,100,-0.23950000000000315,-0.5884798556802077,185.7421373081022,0.5569251591304722,-1.0423990595079142,0.563399059507908,4779.5,0.590889991257862,-0.08322361930863115,negligible,-0.3030000000000044,2.4391621493439613e-24,1.0,1.0,1.0,False,True
loopback,mldsa,X vs. P,100,100,0.05700000000000216,0.10999396849182703,197.8778822653666,0.912525631140126,-0.964923513975591,1.0789235139755953,5013.5,0.9746601736943525,0.015555496202038067,negligible,0.02949999999999875,2.775324306319699e-18,1.0,1.0,1.0,False,True
loopback,mldsa,X vs. H,100,100,-0.5829000000000022,-1.236086822711119,191.9458928545454,0.21793679839179284,-1.513022341876212,0.3472223418762076,4301.0,0.08787626184481696,-0.17480907489487324,negligible,-0.5010000000000012,1.0359626431107662e-17,1.0,0.9586653807260337,0.4825278932233984,False,True
loopback,mldsa,X vs. H2,100,100,0.06738999999999606,0.13428985378112346,197.6856313844302,0.8933099961524267,-0.9222272616196633,1.0570072616196553,4892.5,0.7937510493665514,0.01899145325063647,negligible,-0.29050000000000153,4.056280034608722e-19,1.0,1.0,1.0,False,True
loopback,mldsa,P vs. H,100,100,-0.6399000000000044,-1.3370527631876878,190.27074334888619,0.18280173862803525,-1.5839235318066738,0.3041235318066652,4284.0,0.08042131553723307,-0.18908781513084502,negligible,-0.5305,5.720676816912495e-17,1.0,0.9586653807260337,0.4825278932233984,False,True
loopback,mldsa,P vs. H2,100,100,0.010389999999993904,0.020435521314256976,197.1757252590074,0.9837166123907816,-0.9922655224708679,1.0130455224708557,4902.0,0.8117023871766316,0.002890019139678667,negligible,-0.3200000000000003,4.58177359240508e-19,1.0,1.0,1.0,False,True
loopback,mldsa,H vs. H2,100,100,0.6502899999999983,1.4112258290209994,194.26275582793045,0.15977756345433894,-0.25851916369055183,1.5590991636905485,5547.0,0.18177408014871144,0.19957747069727122,negligible,0.2104999999999997,5.984325085080104e-18,0.9586653807260337,0.9586653807260337,0.7270963205948457,False,True
50ms_0.5pct,ecdsa,X vs. P,100,100,16.23126000000002,0.7110435429632965,196.51726098775262,0.4779003343427066,-28.786817774598738,61.24933777459878,5222.0,0.5883624055865182,0.10055674218965104,negligible,9.903999999999996,0.6883686918267906,1.0,1.0,1.0,False,False
50ms_0.5pct,ecdsa,X vs. H,100,100,-27.084199999999953,-0.888261902536429,171.7631647405158,0.37564208994707793,-87.26997295278144,33.101572952781545,4589.0,0.31585548722984635,-0.12561920295063464,negligible,-2.3465000000000202,0.7650604883086993,1.0,1.0,1.0,False,False
50ms_0.5pct,ecdsa,X vs. H2,100,100,-0.24430000000000973,-0.009894403803450844,197.00708281315312,0.9921155490278941,-48.93634961406897,48.447749614068954,5002.0,0.9970756931433443,-0.001399280005043612,negligible,1.9034999999999798,0.4237311005180302,1.0,1.0,1.0,False,False
50ms_0.5pct,ecdsa,P vs. H,100,100,-43.31545999999997,-1.4564841248149436,163.17064635822686,0.14718039332991337,-102.03982461171427,15.40890461171432,4316.0,0.09490822426082188,-0.2059779602694401,small,-12.250500000000017,0.9002775371063656,0.8830823599794801,0.8830823599794801,0.5694493455649312,False,False
50ms_0.5pct,ecdsa,P vs. H2,100,100,-16.47556000000003,-0.6935195118031058,193.24353503706493,0.4888163346629112,-63.330781707536595,30.379661707536535,4772.0,0.5782990636257237,-0.098078469936232,negligible,-8.000500000000017,0.6851965961583351,1.0,1.0,1.0,False,False
50ms_0.5pct,ecdsa,H vs. H2,100,100,26.839899999999943,0.8604499680913713,178.66498293463263,0.3906942259304964,-34.71393626141856,88.39373626141844,5424.0,0.3007739102815823,0.12168600146183144,negligible,4.25,0.7576299899503638,1.0,1.0,1.0,False,False
50ms_0.5pct,mldsa,X vs. P,100,100,-46.328509999999994,-1.5951079732878466,121.28504451427862,0.11329065018117684,-103.8276446787973,11.17062467879731,5105.0,0.7984650346891896,-0.2255823329273133,small,12.891999999999996,0.9213420097118094,0.6797439010870611,0.5664532509058842,1.0,False,False
50ms_0.5pct,mldsa,X vs. H,100,100,-22.323429999999973,-1.1089920876648818,148.94836397238805,0.26922097610454804,-62.099653420029654,17.452793420029707,4945.0,0.8940631319544825,-0.15683516509401282,negligible,0.0504999999999427,0.8045792609489595,1.0,1.0,1.0,False,False
50ms_0.5pct,mldsa,X vs. H2,100,100,-48.033100000000104,-2.001484323627423,132.86135248564332,0.0473770764614398,-95.50213101095237,-0.5640689890478399,4587.0,0.31350347224841457,-0.2830526275351043,small,-4.6200000000000045,0.9623872564859375,0.2842624587686388,0.2842624587686388,1.0,False,False
50ms_0.5pct,mldsa,P vs. H,100,100,24.00508000000002,0.7317777744359188,169.81865406305042,0.4653128616465215,-40.75063329380788,88.76079329380792,4832.0,0.6823432616300126,0.10348900532504761,negligible,-12.841500000000053,0.7184417450727985,1.0,1.0,1.0,False,False
50ms_0.5pct,mldsa,P vs. H2,100,100,-1.7045900000001097,-0.0482742998919529,189.2797213460307,0.961548535188234,-71.3572588950215,67.94807889502128,4501.0,0.22321281571401141,-0.006827016962126583,negligible,-17.512,0.4628714008094027,1.0,1.0,1.0,False,False
50ms_0.5pct,mldsa,H vs. H2,100,100,-25.70967000000013,-0.9042019307343775,189.54567845453954,0.3670361120919212,-81.79650859887695,30.3771685988767,4658.0,0.40404586905650575,-0.12787346335684946,negligible,-4.670499999999947,0.7663519018301117,1.0,1.0,1.0,False,False
50ms_1pct,ecdsa,X vs. P,100,100,-29.875549999999976,-0.8076460804849107,152.99323232092294,0.4205482681859658,-102.95442634639873,43.20332634639878,5088.0,0.8307057329068901,-0.1142184040619233,negligible,5.494500000000016,0.7488529924964391,1.0,1.0,1.0,False,False
50ms_1pct,ecdsa,X vs. H,100,100,1.6223600000000715,0.06429023841881892,197.94487347970815,0.9488040040475214,-48.14145847146145,51.38617847146159,5306.0,0.4553924212932584,0.009092012710009353,negligible,19.224500000000006,0.4468294650707506,1.0,1.0,1.0,False,False
50ms_1pct,ecdsa,X vs. H2,100,100,-8.05651999999992,-0.27579516405950805,184.8971183035419,0.7830133937726026,-65.68814839501628,49.57510839501644,5558.0,0.1731381503061773,-0.03900332614498691,negligible,28.7765,0.5416095606807492,1.0,1.0,1.0,False,False
50ms_1pct,ecdsa,P vs. H,100,100,31.497910000000047,0.8482169932232917,154.51581788867762,0.39762920238922606,-41.858437020412396,104.85425702041249,5239.0,0.5600627871384757,0.11995599756517067,negligible,13.72999999999999,0.7617153772463665,1.0,1.0,1.0,False,False
50ms_1pct,ecdsa,P vs. H2,100,100,21.819030000000055,0.546246080442493,179.31781907617858,0.5855757821192176,-57.00092428711319,100.6389842871133,5466.0,0.25537214066557345,0.07725086153549182,negligible,23.281999999999982,0.6628957288606363,1.0,1.0,1.0,False,False
50ms_1pct,ecdsa,H vs. H2,100,100,-9.678879999999992,-0.329288620797697,186.29750050274487,0.7423074522806463,-67.66538390830333,48.30762390830334,5184.0,0.6538920622262623,-0.04656844334672343,negligible,9.551999999999992,0.563150976066314,1.0,1.0,1.0,False,False
50ms_1pct,mldsa,X vs. P,100,100,-15.505339999999933,-0.5695391763845691,189.0377545848875,0.5696664489631222,-69.20791093791951,38.197230937919635,4200.0,0.0507616302971017,-0.080545002754586,negligible,-20.686499999999967,0.649990319327324,1.0,1.0,0.3045697817826102,False,False
50ms_1pct,mldsa,X vs. H,100,100,-10.785039999999924,-0.3716682945517797,196.98290088178737,0.7105393146474593,-68.01069789173042,46.44061789173056,4573.0,0.2973628336444435,-0.052561834285920525,negligible,-8.968499999999949,0.5789069835719043,1.0,1.0,1.0,False,False
50ms_1pct,mldsa,X vs. H2,100,100,-7.603759999999966,-0.2384833370247482,195.53958199576493,0.8117559761245109,-70.48407722757537,55.27655722757543,4643.0,0.38371694979455084,-0.033726636962039265,negligible,-8.961999999999989,0.5325012782230998,1.0,1.0,1.0,False,False
50ms_1pct,mldsa,P vs. H,100,100,4.720300000000009,0.180927510582804,193.74473978455006,0.8566135988749198,-46.73550896791772,56.176108967917735,5321.0,0.43356478685131283,0.025587013927260312,negligible,11.718000000000018,0.4957286143551256,1.0,1.0,1.0,False,False
50ms_1pct,mldsa,P vs. H2,100,100,7.901579999999967,0.2701970337032274,179.3944721522612,0.7873192585138814,-49.80444729322092,65.60760729322085,5488.0,0.23359388675962656,0.03821163095760845,negligible,11.724499999999978,0.5394629875145989,1.0,1.0,1.0,False,False
50ms_1pct,mldsa,H vs. H2,100,100,3.1812799999999584,0.1028860828536752,191.61400470246977,0.9181609794766714,-57.80680999171071,64.16936999171062,5132.0,0.7479787837530996,0.014550289375110943,negligible,0.006499999999959982,0.4765786269368778,1.0,1.0,1.0,False,False
150ms_0.5pct,ecdsa,X vs. P,100,100,22.122960000000035,1.0236483804284626,194.61913604419772,0.3072720718725759,-20.500586662545587,64.74650666254566,5717.0,0.07999964386620634,0.14476574227031855,negligible,14.403499999999894,0.7854230455090943,1.0,1.0,0.47999786319723803,False,False
150ms_0.5pct,ecdsa,X vs. H,100,100,33.71437000000003,1.5352864056844222,196.18308943310603,0.12632464198302185,-9.592932868709141,77.0216728687092,5664.0,0.10497721264311823,0.21712228570459516,small,8.552999999999997,0.9037297066461807,0.7579478518981311,0.7579478518981311,0.5248860632155912,False,False
150ms_0.5pct,ecdsa,X vs. H2,100,100,24.273120000000063,1.224259381178932,176.96386494238334,0.2224817379236528,-14.854234492842565,63.40047449284269,5317.0,0.43932557741605893,0.17313642207257382,negligible,5.58299999999997,0.8338300271116914,1.0,1.0,1.0,False,False
150ms_0.5pct,ecdsa,P vs. H,100,100,11.591409999999996,0.565155184392606,197.7433972053075,0.5726088389928705,-28.85526047708533,52.03808047708532,4887.5,0.7843461828599483,0.07992501266134909,negligible,-5.850499999999897,0.6258665240101355,1.0,1.0,1.0,False,False
150ms_0.5pct,ecdsa,P vs. H2,100,100,2.150160000000028,0.11808717487608995,188.61080260789726,0.9061242490186532,-33.767808539781896,38.06812853978195,4587.0,0.31350347224841457,0.016700048425208988,negligible,-8.820499999999925,0.43789775146853205,1.0,1.0,1.0,False,False
150ms_0.5pct,ecdsa,H vs. H2,100,100,-9.441249999999968,-0.5070566564681048,185.72601882523867,0.6127165721477834,-46.17457903670258,27.292079036702646,4680.0,0.4350008750274583,-0.07170864004687491,negligible,-2.9700000000000273,0.5941311894972868,1.0,1.0,1.0,False,False
150ms_0.5pct,mldsa,X vs. P,100,100,-20.891740000000027,-0.783422442334679,192.7139057256785,0.43434082180144584,-73.48893953957236,31.705459539572296,4315.0,0.09442582830514129,-0.1107926643017157,negligible,-16.928999999999974,0.7240382718695932,1.0,1.0,0.5665549698308477,False,False
150ms_0.5pct,mldsa,X vs. H,100,100,-28.46228999999994,-1.0349108166391665,189.21215746378692,0.3020314379154323,-82.71253711431308,25.7879571143132,4502.0,0.22414268085132616,-0.14635849127377248,negligible,-11.905499999999961,0.8026606820665103,1.0,1.0,0.8965707234053046,False,False
150ms_0.5pct,mldsa,X vs. H2,100,100,6.092020000000048,0.30773764147217975,156.60610367934743,0.7586908664183843,-33.009881533699684,45.19392153369978,4402.0,0.14431072600618322,0.04352067462226656,negligible,-9.662499999999909,0.5219606430969718,1.0,1.0,0.7215536300309161,False,False
150ms_0.5pct,mldsa,P vs. H,100,100,-7.570549999999912,-0.2560559570926329,197.47142633757852,0.7981741699064729,-65.87617513203139,50.73507513203157,5189.0,0.6451008206764677,-0.03621178072468249,negligible,5.023500000000013,0.5345974530387814,1.0,1.0,1.0,False,False
150ms_0.5pct,mldsa,P vs. H2,100,100,26.983760000000075,1.1952517673379188,142.2026653509647,0.2339781926948453,-17.643775007081167,71.61129500708131,5113.0,0.7834074729414255,0.1690341259819696,negligible,7.266500000000065,0.834089253043202,1.0,1.0,1.0,False,False
150ms_0.5pct,mldsa,H vs. H2,100,100,34.55430999999999,1.4668910989039585,138.32094058312558,0.14467562071397314,-12.022397292999884,81.13101729299986,4896.0,0.800352637766898,0.20744972865943515,small,2.243000000000052,0.8941359512636782,0.8680537242838389,0.8680537242838389,1.0,False,False
150ms_1pct,ecdsa,X vs. P,100,100,-5.977539999999976,-0.2007379230079431,193.79902870915032,0.8411140157693833,-64.70777206835712,52.75269206835717,5023.0,0.9561573849567815,-0.028388629320043927,negligible,3.6809999999999263,0.5130771438848508,1.0,1.0,1.0,False,False
150ms_1pct,ecdsa,X vs. H,100,100,-13.227499999999964,-0.42975487426772224,190.25121482104768,0.6678603003124928,-73.93977405539746,47.48477405539753,4829.0,0.6769726149470348,-0.060776517168535715,negligible,-7.138500000000022,0.605238970263231,1.0,1.0,1.0,False,False
150ms_1pct,ecdsa,X vs. H2,100,100,-45.85358000000008,-1.440736541932952,186.04595487368357,0.15133995793434604,-108.64077175959562,16.933611759595472,4325.0,0.0993391684978243,-0.20375091574080945,small,-9.677000000000021,0.8995668681400453,0.9080397476060762,0.9080397476060762,0.4966958424891215,False,False
150ms_1pct,ecdsa,P vs. H,100,100,-7.249959999999987,-0.22082302315803615,197.37537106787437,0.8254584979954559,-71.99559138392341,57.49567138392344,4798.5,0.6233406216104747,-0.03122909142343228,negligible,-10.819499999999948,0.5272836185182715,1.0,1.0,1.0,False,False
150ms_1pct,ecdsa,P vs. H2,100,100,-39.8760400000001,-1.1792290869537243,195.61707257119193,0.23973920957474593,-106.56548944675302,26.813409446752814,4284.0,0.08042165596547618,-0.16676817679147987,negligible,-13.357999999999947,0.8481789462284597,1.0,1.0,0.4825299357928571,False,False
150ms_1pct,ecdsa,H vs. H2,100,100,-32.626080000000115,-0.9402227181730607,197.41464223533072,0.3482523500003193,-101.057071781587,35.80491178158677,4516.0,0.23745238444310246,-0.1329675719691639,negligible,-2.538499999999999,0.7865442051051499,1.0,1.0,0.9498095377724098,False,False
150ms_1pct,mldsa,X vs. P,100,100,-43.817980000000034,-1.1954279416504492,183.3380655610062,0.23346383022045877,-116.13713242516705,28.501172425166985,4733.0,0.5149411826049577,-0.16905904079218181,negligible,-6.009999999999991,0.854507938587939,1.0,1.0,1.0,False,False
150ms_1pct,mldsa,X vs. H,100,100,-1.84112999999968,-0.06427681924404934,192.15095299621098,0.9488166298655762,-58.337706851095,54.65544685109564,4574.0,0.2984969742960175,-0.009090114952113851,negligible,-23.298999999999978,0.45615071199918555,1.0,1.0,1.0,False,False
150ms_1pct,mldsa,X vs. H2,100,100,-26.740409999999883,-0.7466168320346296,186.45889070282968,0.45623524519937264,-97.39597450686996,43.915154506870195,5055.0,0.8940631319544825,-0.10558756497594082,negligible,9.06750000000011,0.7277093838669714,1.0,1.0,1.0,False,False
150ms_1pct,mldsa,P vs. H,100,100,41.976850000000354,1.2115573733717993,166.40196137169588,0.22739953432007634,-26.42754546354088,110.38124546354159,4824.5,0.668947306198033,0.17134008690155222,negligible,-17.288999999999987,0.8562963898741648,1.0,1.0,1.0,False,False
150ms_1pct,mldsa,P vs. H2,100,100,17.07757000000015,0.4188124647510793,197.73545058433336,0.6758077582233459,-63.334419646855594,97.4895596468559,5304.0,0.45834879814458407,0.059229026774188016,negligible,15.0775000000001,0.6163027869320372,1.0,1.0,1.0,False,False
150ms_1pct,mldsa,H vs. H2,100,100,-24.899280000000203,-0.7375827712806884,170.0222457553747,0.46178474634668776,-91.53796861742873,41.739408617428325,5406.0,0.321786085060103,-0.10430995585178823,negligible,32.36650000000009,0.7218355790515316,1.0,1.0,1.0,False,False
